url,issue,impressions
https://painclinics.com/?clinics=center-for-symptom-relief-llc,legacy-url-format,20009
https://painclinics.com/?clinics=comprehensive-pain-and-rehab-of-northwest-arkansas,legacy-url-format,14260
https://painclinics.com/?clinics=csar-pllc-dr-oliver-c-james-md,legacy-url-format,14139
https://painclinics.com/?clinics=access-pain-solutions-tulsa-pain-management-doctor,legacy-url-format,11988
https://painclinics.com/?clinics=pain-and-spine-specialists-of-pennsylvania-pleasant-hills,legacy-url-format,9654
https://painclinics.com/?clinics=cottonwood-medical-clinic,legacy-url-format,9423
https://painclinics.com/?clinics=laurel-pain-clinic,legacy-url-format,9417
https://painclinics.com/?clinics=access-pain-solutions-muskogee-pain-management,legacy-url-format,8791
https://painclinics.com/?clinics=dominion-spine-and-pain-springfield-va,legacy-url-format,8391
https://painclinics.com/?clinics=superior-pain-management,legacy-url-format,8195
https://painclinics.com/?clinics=texas-pain-clinic,legacy-url-format,7132
https://painclinics.com/?clinics=midsouth-spine-and-pain-associates,legacy-url-format,6418
https://painclinics.com/?clinics=ic-pain-solutions-pc,legacy-url-format,6393
https://www.painclinics.com/pain-management/knee-pain-centers-of-america-knee-pain-treatment-in-michigan-knee-pain-doctors-michigan-mi-48075,www-duplicate,6359
https://painclinics.com/?clinics=premier-pain-spine-center,legacy-url-format,5575
https://www.painclinics.com/pain-management/vitality-pain-center-ky-40509,www-duplicate,5194
https://painclinics.com/?clinics=washington-regional-j-b-hunt-transport-services-neuroscience-institute,legacy-url-format,4701
https://www.painclinics.com/pain-management/csar-pllc-dr-oliver-c-james-md-ky-40509,www-duplicate,4659
https://painclinics.com/?clinics=advanced-pain-medical-center,legacy-url-format,4558
https://www.painclinics.com/pain-management/national-spine-pain-centers-tysons-corner-va-22102,www-duplicate,4539
https://painclinics.com/?clinics=whs-pain-management-center,legacy-url-format,4498
https://www.painclinics.com/pain-management/peninsula-pain-clinic-silverdale-a-sound-pain-alliance-member-wa-98383,www-duplicate,4494
https://painclinics.com/?clinics=powells-pain-clinic-of-orlando-llc-dr-brian-powell,legacy-url-format,4422
https://www.painclinics.com/pain-management/pain-management-consultants-of-southwest-florida-pl-fl-33907,www-duplicate,4422
https://www.painclinics.com/pain-management/penn-pain-medicine-center-tuttleman-center-pa-19146,www-duplicate,4369
https://www.painclinics.com/pain-management/the-pain-management-group-clarksville-tn-37043,www-duplicate,4284
https://www.painclinics.com/pain-management/dunes-pain-specialists-sd-57049,www-duplicate,4260
https://www.painclinics.com/pain-management/ms-pain-migraine-alan-k-cole-md-ms-39402,www-duplicate,4192
https://www.painclinics.com/pain-management/dr-murray-e-joiner-jr-md-va-24018,www-duplicate,3960
https://www.painclinics.com/pain-management/spine-pain-associates-tn-37660,www-duplicate,3930
https://painclinics.com/?clinics=regen-doctors-pain-specialists-gene-v-levinstein-m-d-allentown-pa,legacy-url-format,3905
https://painclinics.com/?clinics=pain-management-dermatology,legacy-url-format,3744
https://painclinics.com/?clinics=traditional-chinese-medicine-and-accupuncture-services-dr-wu-yi-qiao,legacy-url-format,3720
https://www.painclinics.com/pain-management/national-spine-pain-centers-winchester-va-22601,www-duplicate,3657
https://www.painclinics.com/pain-management/greenville-pain-spine-nc-27834,www-duplicate,3614
https://www.painclinics.com/pain-management/spine-pain-associates-tn-37620,www-duplicate,3602
https://www.painclinics.com/pain-management/vivek-barclay-md-ms-39440,www-duplicate,3593
https://www.painclinics.com/pain-management/modesto-pain-medicine-inc-ca-95350,www-duplicate,3583
https://www.painclinics.com/pain-management/insight-pain-management-mi-48126,www-duplicate,3580
https://www.painclinics.com/pain-management/mercy-clinic-pain-management-e-seminole-mo-65804,www-duplicate,3574
https://painclinics.com/?clinics=broadway-neck-and-spine-pain-management-center,legacy-url-format,3554
https://www.painclinics.com/pain-management/grace-point-pain-management-tn-37804,www-duplicate,3547
https://painclinics.com/?clinics=comprehensive-pain-management-institute-llc-leon-margolin-md-phd-julie-chen-md,legacy-url-format,3532
https://painclinics.com/?clinics=california-pain-management-group-inc,legacy-url-format,3529
https://www.painclinics.com/pain-management/relief-spine-pain-center-al-35968,www-duplicate,3503
https://www.painclinics.com/pain-management/commonwealth-pain-and-spine-ky-42103,www-duplicate,3490
https://painclinics.com/?clinics=nova-facial-pain-tmd-dental-sleep-medicine-carol-hezkial-dds,legacy-url-format,3483
https://www.painclinics.com/pain-management/optimal-pain-and-wellness-dr-regina-thurman-dr-mary-frances-daut-dr-ornette-gaines-ar-72703,www-duplicate,3414
https://www.painclinics.com/pain-management/spine-pain-associates-tn-37404,www-duplicate,3401
https://painclinics.com/?clinics=st-lukes-pain-clinic-2,legacy-url-format,3260
https://painclinics.com/?clinics=st-lukes-clinic-pain-management-boise,legacy-url-format,3216
https://www.painclinics.com/pain-management/royal-pain-center-ga-30907,www-duplicate,3214
https://painclinics.com/?clinics=advanced-pain-medicine-moon-township-pa,legacy-url-format,3142
https://www.painclinics.com/pain-management/the-pain-treatment-center-of-the-bluegrass-aka-ballard-wright-md-psc-ky-40503,www-duplicate,3065
https://painclinics.com/?clinics=ssm-health-dean-medical-groupmandira-mehra-md,legacy-url-format,3047
https://www.painclinics.com/pain-management/waters-edge-memorials-pain-relief-institute-wa-98902,www-duplicate,2979
https://www.painclinics.com/pain-management/premier-pain-spine-center-skyline-medical-center-tn-37207,www-duplicate,2977
https://painclinics.com/?clinics=regen-doctors-pain-specialists-gene-v-levinstein-m-d-bethlehem-pa,legacy-url-format,2954
https://www.painclinics.com/pain-management/total-pain-treatment-centers-of-ct-ct-6511,www-duplicate,2954
https://www.painclinics.com/pain-management/interventional-pain-management-mountain-home-ar-72653,www-duplicate,2948
https://www.painclinics.com/pain-management/dr-danny-silver-md-meridian-medical-ar-72901,www-duplicate,2928
https://painclinics.com/?clinics=advanced-pain-medicine-bhs-pain-center,legacy-url-format,2927
https://www.painclinics.com/pain-management/the-center-for-pain-auburn-opelika-al-36801,www-duplicate,2897
https://www.painclinics.com/pain-management/the-pain-management-group-cookeville-tn-38501,www-duplicate,2891
https://www.painclinics.com/pain-management/pca-pain-care-center-ct-6492,www-duplicate,2758
https://www.painclinics.com/pain-management/kokomo-lafayette-pain-care-in-46902,www-duplicate,2750
https://www.painclinics.com/pain-management/uc-health-pain-medicine-center-oh-45069,www-duplicate,2729
https://www.painclinics.com/pain-management/mid-america-pain-clinic-ks-66210,www-duplicate,2714
https://www.painclinics.com/pain-management/centra-medical-group-physical-medicine-pain-management-center-va-24503,www-duplicate,2712
https://www.painclinics.com/pain-management/midsouth-spine-and-pain-associates-ms-38834,www-duplicate,2702
https://www.painclinics.com/pain-management/the-center-for-pain-432-st-lukes-al-36117,www-duplicate,2694
https://www.painclinics.com/pain-management/atlas-pain-and-spine-ky-40701,www-duplicate,2657
https://www.painclinics.com/pain-management/restore-health-pain-treatment-group-wa-99207,www-duplicate,2647
https://www.painclinics.com/pain-tracking,www-duplicate,2643
https://www.painclinics.com/pain-management/mt-baker-pain-clinic-bellingham-a-sound-pain-alliance-member-wa-98226,www-duplicate,2606
https://www.painclinics.com/pain-management/pain-clinics-of-central-california-ca-95207,www-duplicate,2603
https://www.painclinics.com/pain-management/the-center-for-pain-dothan-al-36303,www-duplicate,2594
https://painclinics.com/?clinics=tennessee-pain-professionals,legacy-url-format,2588
https://painclinics.com/?clinics=csar-pllc,legacy-url-format,2563
https://www.painclinics.com/pain-management/penn-pain-medicine-center-radnor-pa-19087,www-duplicate,2559
https://www.painclinics.com/pain-management/az-pain-doctors-az-85308,www-duplicate,2559
https://www.painclinics.com/pain-management/summit-pain-management-marion-in-46953,www-duplicate,2550
https://www.painclinics.com/pain-management/puget-sound-pain-clinic-lakewood-a-sound-pain-alliance-member-wa-98499,www-duplicate,2532
https://www.painclinics.com/pain-management/presbyterian-pain-and-spine-in-albuquerque-at-kaseman-hospital-nm-87110,www-duplicate,2528
https://painclinics.com/?clinics=dr-james-hunt,legacy-url-format,2521
https://www.painclinics.com/pain-management/commonwealth-pain-and-spine-ky-41501,www-duplicate,2503
https://painclinics.com/?clinics=msmg-pain-management,legacy-url-format,2496
https://www.painclinics.com/pain-management/swedish-pain-services-first-hill-wa-98122,www-duplicate,2489
https://www.painclinics.com/pain-management/robert-guirguis-do-pain-management-specialist-ppoa-fl-33782,www-duplicate,2447
https://www.painclinics.com/pain-management/dominion-spine-and-pain-springfield-va-va-22150,www-duplicate,2415
https://www.painclinics.com/pain-management/comprehensive-pain-specialists-mi-48603,www-duplicate,2398
https://www.painclinics.com/pain-management/alliance-pain-management-tn-37804,www-duplicate,2339
https://www.painclinics.com/pain-management/puget-sound-pain-clinic-puyallup-a-sound-pain-alliance-member-wa-98371,www-duplicate,2333
https://www.painclinics.com/pain-management/center-for-chronic-pain-management-tn-37604,www-duplicate,2323
https://www.painclinics.com/pain-management/the-pain-relief-center-elizabethtown-ky-40210,www-duplicate,2302
https://www.painclinics.com/pain-management/firsthealth-interventional-pain-medicine-pinehurst-nc-28374,www-duplicate,2292
https://www.painclinics.com/pain-management/physicians-pain-and-spine-specialists-pllc-ms-39503,www-duplicate,2279
https://www.painclinics.com/pain-management/cullman-pain-wellness-al-35055,www-duplicate,2266
https://www.painclinics.com/pain-management/montgomery-pain-institute-tn-37043,www-duplicate,2264
https://www.painclinics.com/pain-management/nea-baptist-pain-management-center-ar-72405-2,www-duplicate,2232
https://painclinics.com/?clinics=texas-wellness-pain-center,legacy-url-format,2230
https://painclinics.com/?clinics=dr-robert-c-baker,legacy-url-format,2192
https://www.painclinics.com/pain-management/christus-st-vincent-pain-spine-specialists-procedure-center-nm-87505,www-duplicate,2183
https://www.painclinics.com/pain-management/spectrum-pain-clinics-inc-tn-38305,www-duplicate,2175
https://painclinics.com/?clinics=fenix-health-llc,legacy-url-format,2173
https://www.painclinics.com/pain-management/south-lake-pain-institute-fl-34711,www-duplicate,2172
https://www.painclinics.com/pain-management/brain-and-pain-care-la-71105,www-duplicate,2162
https://painclinics.com/?clinics=walker-pain-management-center,legacy-url-format,2113
https://www.painclinics.com/pain-management/new-jersey-institute-for-pain-relief-cranford-dr-pucciarelli-d-c-nj-7016,www-duplicate,2105
https://painclinics.com/?clinics=dr-heather-whaley,legacy-url-format,2098
https://www.painclinics.com/pain-management/laurel-pain-clinic-ms-39440,www-duplicate,2091
https://www.painclinics.com/pain-management/pain-clinic-of-northwest-florida-fl-32405,www-duplicate,2085
https://www.painclinics.com/pain-management/atlas-pain-and-spine-ky-40475,www-duplicate,2073
https://www.painclinics.com/pain-management/west-virginia-pain-institute-wv-25801,www-duplicate,2043
https://www.painclinics.com/pain-management/pain-specialists-of-cincinnati-oh-45248,www-duplicate,2037
https://www.painclinics.com/pain-management/select-interventional-pain-dr-derrell-leggett-ga-30233,www-duplicate,2032
https://www.painclinics.com/pain-management/arkansas-pain-specialists-ar-72908,www-duplicate,2031
https://painclinics.com/?clinics=west-philadelphia-injury-center,legacy-url-format,2007
https://www.painclinics.com/pain-management/interventional-pain-consultants-tn-37934,www-duplicate,2003
https://www.painclinics.com/pain-management/national-spine-pain-centers-henrico-va-23233,www-duplicate,1981
https://www.painclinics.com/pain-management/western-state-pain-institute-nv-89121,www-duplicate,1972
https://www.painclinics.com/pain-management/pain-management-plus-pllc-nc-28043,www-duplicate,1971
https://www.painclinics.com/pain-management/complete-pain-care-of-md-md-21201,www-duplicate,1969
https://www.painclinics.com/pain-management/center-for-complex-pain-care-va-23502,www-duplicate,1969
https://www.painclinics.com/pain-management/southern-tennessee-spine-and-pain-center-tn-37398,www-duplicate,1950
https://www.painclinics.com/,www-duplicate,1935
https://www.painclinics.com/pain-management/pain-management-centers-of-america-hopkinsville-ky-ky-42240,www-duplicate,1932
https://www.painclinics.com/pain-management/oregon-pain-spine-specialists-or-97401,www-duplicate,1930
https://www.painclinics.com/pain-management/dr-ahmad-rafi-ar-72801,www-duplicate,1925
https://www.painclinics.com/pain-management/dr-syed-m-quadri-do-in-46360,www-duplicate,1890
https://www.painclinics.com/pain-management/pennsylvania-pain-specialists-gene-levinstein-md-pa-18017,www-duplicate,1884
https://www.painclinics.com/pain-management/inland-pain-specialists-ca-92392,www-duplicate,1878
https://www.painclinics.com/pain-management/dr-tao-chen-md-al-36604,www-duplicate,1866
https://www.painclinics.com/pain-management/jawad-bhatti-md-va-23225,www-duplicate,1863
https://www.painclinics.com/pain-management/advanced-pain-management-of-elwood-in-46012,www-duplicate,1854
https://painclinics.com/?clinics=renew-medical-clinic-llc,legacy-url-format,1844
https://painclinics.com/?clinics=carlos-roman-md,legacy-url-format,1840
https://painclinics.com/?clinics=alan-spanos-md,legacy-url-format,1840
https://www.painclinics.com/pain-management/virginia-interventional-pain-and-spine-center-va-24073,www-duplicate,1834
https://painclinics.com/?clinics=dr-butchaiah-garlapati-md,legacy-url-format,1823
https://www.painclinics.com/pain-management/t-luke-cramer-md-david-p-ellis-md-ok-73103,www-duplicate,1822
https://www.painclinics.com/pain-management/dr-joseph-alvarez-tx-77598,www-duplicate,1812
https://www.painclinics.com/pain-management/atrium-health-cabarrus-pain-management-nc-28025,www-duplicate,1806
https://painclinics.com/?clinics=mark-clark-crna-nspm-c,legacy-url-format,1803
https://www.painclinics.com/pain-management/florida-pain-care-dr-daniel-schaffer-md-fl-34711,www-duplicate,1786
https://www.painclinics.com/pain-management/dr-ryan-almeida-al-35007,www-duplicate,1782
https://www.painclinics.com/pain-management/southern-oklahoma-pain-management-ok-74820,www-duplicate,1782
https://www.painclinics.com/pain-management/national-spine-pain-centers-bel-air-md-21014,www-duplicate,1781
https://painclinics.com/?clinics=west-texas-pain-management,legacy-url-format,1772
https://painclinics.com/?clinics=arh-interventional-pain-management-and-headache-medicine,legacy-url-format,1767
https://painclinics.com/?clinics=columbia-pain-management-mallhi-moin-u-md,legacy-url-format,1764
https://www.painclinics.com/pain-management/three-rivers-spine-and-pain-medicine-wv-26062,www-duplicate,1759
https://www.painclinics.com/pain-management/aa-spine-pain-clinic-ak,www-duplicate,1756
https://painclinics.com/?clinics=center-for-pain-management-kirk-jr-vernon-h-md,legacy-url-format,1737
https://www.painclinics.com/pain-management/trucare-pain-management-ok-73159,www-duplicate,1735
https://www.painclinics.com/pain-management/interventional-pain-center-merced-ca-95340,www-duplicate,1734
https://www.painclinics.com/pain-management/flex-institute-formerly-pain-care-consultants-la-71101,www-duplicate,1716
https://painclinics.com/?clinics=providence-interventional-pain-center-drs-ashraf-farid-and-ahmed-attia,legacy-url-format,1713
https://www.painclinics.com/pain-management/interventional-pain-management-harrison-ar-72601,www-duplicate,1696
https://www.painclinics.com/pain-management/carolina-spine-and-pain-centers-sc-29150,www-duplicate,1695
https://www.painclinics.com/pain-management/the-pain-treatment-center-of-the-bluegrass-richmond-ky-40475,www-duplicate,1694
https://www.painclinics.com/pain-management/advanced-pain-spine-institute-mt-59804,www-duplicate,1694
https://painclinics.com/?clinics=new-west-physicians-spine-sports-medicine,legacy-url-format,1693
https://www.painclinics.com/pain-management/comprehensive-pain-and-spine-specialists-llc-muncie-in-47304,www-duplicate,1686
https://painclinics.com/?clinics=aurora-pain-clinic,legacy-url-format,1680
https://www.painclinics.com/pain-management/dr-adam-j-wallace-md-interventional-pain-management-ok-74135,www-duplicate,1680
https://www.painclinics.com/pain-management/st-louis-pain-center-mo-63129,www-duplicate,1661
https://www.painclinics.com/pain-management/kaloko-pain-center-hi-96740,www-duplicate,1656
https://painclinics.com/?clinics=north-alabama-rehabilitation-and-pain-specialist-llc,legacy-url-format,1648
https://painclinics.com/?clinics=coastal-pain-care,legacy-url-format,1640
https://www.painclinics.com/pain-management/national-spine-and-pain-centers-kristoffer-de-lara-md-ct-6032,www-duplicate,1633
https://www.painclinics.com/pain-management/carolina-spine-pain-nc-28117,www-duplicate,1624
https://www.painclinics.com/pain-management/eric-dominguez-md-ma-2777,www-duplicate,1622
https://www.painclinics.com/pain-management/carolinas-center-for-advanced-management-of-pain-sc-29212,www-duplicate,1584
https://www.painclinics.com/pain-management/zeeshan-tayeb-md-oh-45248,www-duplicate,1582
https://www.painclinics.com/pain-management/advanced-pain-center-mi-48328,www-duplicate,1570
https://www.painclinics.com/pain-management/pain-institute-of-central-california-ca-93311,www-duplicate,1569
https://www.painclinics.com/pain-management/montana-advanced-pain-and-spine-mt-59701,www-duplicate,1568
https://www.painclinics.com/pain-management/adam-kemp-m-d-or-97401,www-duplicate,1566
https://www.painclinics.com/pain-management/open-arms-pain-clinic-co-80909,www-duplicate,1562
https://www.painclinics.com/pain-management/tennessee-pain-professionals-tn-37917,www-duplicate,1550
https://painclinics.com/?clinics=mary-lanning-healthcare-interventional-pain-curtis-albers-md,legacy-url-format,1548
https://www.painclinics.com/pain-management/trinity-pain-center-oh-43952,www-duplicate,1547
https://www.painclinics.com/pain-management/arkansas-spine-and-pain-ar-72034,www-duplicate,1545
https://www.painclinics.com/pain-management/ihs-pain-center-the-square-at-latrobe-pa-15650,www-duplicate,1530
https://www.painclinics.com/pain-management/pro-care-specialty-clinic-ok-74953,www-duplicate,1508
https://www.painclinics.com/pain-management/brookhaven-anesthesia-and-pain-mg-ms-39601,www-duplicate,1498
https://www.painclinics.com/pain-management/west-coast-health-wellness-fl-33710,www-duplicate,1497
https://www.painclinics.com/pain-management/national-spine-and-pain-centers-kunal-sood-md-md-20874,www-duplicate,1486
https://www.painclinics.com/pain-management/arizona-pain-scottsdale-mountain-view-az-85258,www-duplicate,1475
https://www.painclinics.com/pain-management/dynamic-pain-wellness-al-36301,www-duplicate,1468
https://www.painclinics.com/pain-management/premier-pain-spine-al-35906,www-duplicate,1468
https://painclinics.com/?clinics=pain-management-dr-william-vargas-md,legacy-url-format,1467
https://painclinics.com/?clinics=pain-physicians-of-wisconsin,legacy-url-format,1464
https://painclinics.com/?clinics=horizon-pain-management,legacy-url-format,1450
https://www.painclinics.com/pain-management/carolina-spine-and-pain-centers-sc-29072,www-duplicate,1444
https://www.painclinics.com/pain-management/comprehensive-pain-headache-treatment-center-ct-6525,www-duplicate,1442
https://www.painclinics.com/pain-management/superior-pain-management-sc-29621,www-duplicate,1436
https://painclinics.com/?clinics=dr-hammad-malik,legacy-url-format,1433
https://www.painclinics.com/pain-management/jerry-marsella-md-al-36303,www-duplicate,1421
https://www.painclinics.com/pain-management/uofl-hospital-pain-management-center-ky-40202,www-duplicate,1417
https://www.painclinics.com/pain-management/lakeview-spine-henry-kim-md-wa-98902,www-duplicate,1417
https://www.painclinics.com/pain-management/dr-john-g-fan-md-ks-67502,www-duplicate,1411
https://www.painclinics.com/pain-management/pivotal-point-chronic-pain-solutions-wi-54016,www-duplicate,1404
https://www.painclinics.com/pain-management/rush-pain-treatment-center-ms-39301,www-duplicate,1372
https://www.painclinics.com/pain-management/texas-pain-specialists-tx-76012,www-duplicate,1371
https://www.painclinics.com/pain-management/dr-jason-n-peter-mi-48085,www-duplicate,1370
https://www.painclinics.com/pain-management/kenneth-homolya-md-tn-38501,www-duplicate,1369
https://painclinics.com/?clinics=dr-arpan-j-patel-edgerton-hospital-pain-spine-center,legacy-url-format,1365
https://www.painclinics.com/pain-management/paincare-ks-66212,www-duplicate,1361
https://www.painclinics.com/pain-management/united-physician-group-pain-management-sc-29307,www-duplicate,1355
https://www.painclinics.com/pain-management/dr-odeane-h-connor-md-al-35901,www-duplicate,1348
https://www.painclinics.com/pain-management/premier-pain-wellness-az-85382,www-duplicate,1347
https://www.painclinics.com/pain-management/imperial-pain-specialists-tn-37601,www-duplicate,1346
https://www.painclinics.com/pain-management/excel-pain-consultants-pa-15001,www-duplicate,1331
https://www.painclinics.com/pain-management/az-pain-doctors-az-85375,www-duplicate,1330
https://www.painclinics.com/pain-management/clearway-pain-solutions-frederick-md-21704,www-duplicate,1325
https://www.painclinics.com/pain-management/pain-relief-centers-ky-40216,www-duplicate,1323
https://www.painclinics.com/pain-management/finley-pain-clinic-ia-52001,www-duplicate,1315
https://www.painclinics.com/pain-management/co/colorado-springs/open-arms-pain-clinic,www-duplicate,1314
https://www.painclinics.com/pain-management/brain-and-pain-care-la-71106,www-duplicate,1303
https://www.painclinics.com/pain-management/interventional-pain-center-tn-37075,www-duplicate,1293
https://www.painclinics.com/pain-management/the-pain-management-group-tn-37122,www-duplicate,1285
https://www.painclinics.com/pain-management/advanced-pain-management-of-oklahoma-ok-73112,www-duplicate,1276
https://www.painclinics.com/pain-management/comprehensive-pain-headache-ct-6450,www-duplicate,1275
https://www.painclinics.com/pain-management/joseph-e-miller-md-ar-72908,www-duplicate,1273
https://painclinics.com/?clinics=pain-treatment-associates-richard-tompson-md,legacy-url-format,1272
https://painclinics.com/?clinics=midwest-pain-rehabilitation-cho-myung-j-md,legacy-url-format,1265
https://www.painclinics.com/pain-management/brian-d-meek-md-mo-63376,www-duplicate,1262
https://www.painclinics.com/pain-management/camc-teays-valley-pain-relief-center-wv-25526,www-duplicate,1260
https://painclinics.com/?clinics=pain-gps-clinic,legacy-url-format,1257
https://www.painclinics.com/pain-management/christian-hospital-pain-management-center-mo-63136,www-duplicate,1256
https://www.painclinics.com/pain-management/dr-gaylyn-horne-ballard-m-d-al-35125,www-duplicate,1252
https://www.painclinics.com/pain-management/pain-treatment-center-nd-58503,www-duplicate,1250
https://www.painclinics.com/pain-management/az-pain-doctors-az-85122,www-duplicate,1249
https://painclinics.com/?clinics=vcu-health-pain-management-at-tappahannock,legacy-url-format,1236
https://painclinics.com/?clinics=dimensions-pain-management,legacy-url-format,1233
https://www.painclinics.com/pain-management/new-jersey-institute-for-pain-relief-cherry-hill-nj-8034,www-duplicate,1221
https://www.painclinics.com/pain-management/center-for-pain-management-dr-ramarao-pasupuleti-ky-42101,www-duplicate,1221
https://www.painclinics.com/pain-management/dr-brian-t-nichol-md-ar-72116,www-duplicate,1215
https://painclinics.com/?clinics=advocate-south-suburban-hospital-suburban-pain-clinic,legacy-url-format,1215
https://painclinics.com/?clinics=valley-center-for-pain-medicine-and-wound-care-center,legacy-url-format,1203
https://www.painclinics.com/pain-management/integrated-pain-consultants-az-85206,www-duplicate,1193
https://www.painclinics.com/pain-management/chronic-pain-management-ny-12801,www-duplicate,1190
https://www.painclinics.com/pain-management/west-michigan-interventional-pain-spine-pllc-mi-49009,www-duplicate,1190
https://painclinics.com/?clinics=kansas-pain-specialists-kirsch-mark-a-md,legacy-url-format,1169
https://www.painclinics.com/pain-management/active-pain-treatment-tn-37923,www-duplicate,1164
https://www.painclinics.com/pain-management/pain-care-centers-mt-59102,www-duplicate,1163
https://www.painclinics.com/pain-management/john-brown-do-ar-72076,www-duplicate,1158
https://www.painclinics.com/pain-management/alan-torrey-md-ms-39180,www-duplicate,1146
https://www.painclinics.com/pain-management/spine-pain-center-nd-58503,www-duplicate,1133
https://www.painclinics.com/pain-management/maher-el-khatib-md-ma-2703,www-duplicate,1125
https://www.painclinics.com/pain-management/amhan-pain-management-clinic-tx-75090,www-duplicate,1123
https://www.painclinics.com/pain-management/interventional-pain-consultants-tn-37830,www-duplicate,1111
https://www.painclinics.com/pain-management/mid-atlantic-spine-and-pain-physicians-newark-de-19702,www-duplicate,1100
https://www.painclinics.com/pain-management/restorative-pain-management-mo-63033,www-duplicate,1091
https://painclinics.com/?clinics=dr-scott-s-sanitate-m-d,legacy-url-format,1089
https://www.painclinics.com/pain-management/dr-leslie-foster-wv-25401,www-duplicate,1078
https://www.painclinics.com/pain-management/dmc-interventional-pain-management-clinic-mi-48201,www-duplicate,1077
https://painclinics.com/?clinics=apg-pain-management,legacy-url-format,1075
https://www.painclinics.com/pain-management/mid-michigan-pain-management-mi-48532,www-duplicate,1059
https://www.painclinics.com/pain-management/valley-spine-pain-clinic-ak-99654,www-duplicate,1059
https://www.painclinics.com/pain-management/spine-pain-institute-santa-fe-nm-87505,www-duplicate,1056
https://painclinics.com/?clinics=the-pain-center-of-west-virginia,legacy-url-format,1050
https://painclinics.com/?clinics=midwest-pain-consultants-pc,legacy-url-format,1035
https://www.painclinics.com/pain-management/gupta-avinash-md-sc-29118,www-duplicate,1032
https://www.painclinics.com/pain-management/suwanee-pain-management-center-inc-ga-30024,www-duplicate,1025
https://www.painclinics.com/pain-management/interventional-pain-and-wellness-institute-ga-30269,www-duplicate,1009
https://www.painclinics.com/pain-management/nevada-pain-wellness-center-nv-89146,www-duplicate,996
https://www.painclinics.com/pain-management/carolinas-center-for-advanced-management-of-pain-sc-29302,www-duplicate,996
https://www.painclinics.com/pain-management/north-alabama-pain-center-al-35058,www-duplicate,993
https://painclinics.com/?clinics=westerly-spine-pain-center,legacy-url-format,993
https://www.painclinics.com/pain-management/christopher-stowe-md-ma-2747,www-duplicate,986
https://www.painclinics.com/pain-management/texas-pain-physicians-waxahachie-tx-75165,www-duplicate,978
https://www.painclinics.com/pain-management/westerly-spine-pain-center-ri-2891,www-duplicate,978
https://www.painclinics.com/pain-management/st-madron-medical-clinic-llc-ok-74954,www-duplicate,977
https://www.painclinics.com/pain-management/renew-medical-clinic-llc-nd-58104,www-duplicate,970
https://www.painclinics.com/pain-management/honolulu-pain-management-clinic-llc-hi-96813,www-duplicate,969
https://painclinics.com/?clinics=midwest-pain-center-dr-stephen-g-smith-md,legacy-url-format,955
https://www.painclinics.com/pain-management/winchester-hospital-pain-management-center-ma-1801,www-duplicate,953
https://www.painclinics.com/pain-management/eastern-physical-medicine-and-wellness-center-de-19963,www-duplicate,952
https://www.painclinics.com/pain-management/beaumont-center-pain-medicine-mi-48073,www-duplicate,950
https://www.painclinics.com/pain-management/elite-pain-consultants-tn-37934,www-duplicate,948
https://www.painclinics.com/pain-management/oklahoma-pain-management-shawnee-ok-74804,www-duplicate,945
https://www.painclinics.com/pain-management/pain-care-pllc-wv-25701,www-duplicate,940
https://www.painclinics.com/pain-management/dr-john-w-nelson-md-ok-73112,www-duplicate,934
https://www.painclinics.com/pain-management/tidelands-health-pain-management-services-at-the-market-common-sc-29577,www-duplicate,933
https://www.painclinics.com/pain-management/institute-of-interventional-pain-management-ar-72801,www-duplicate,933
https://www.painclinics.com/pain-management/vitality-pain-center-ky-40241,www-duplicate,930
https://www.painclinics.com/pain-management/comprehensive-pain-infusion-center-ne-69101,www-duplicate,927
https://www.painclinics.com/pain-management/pain-institute-of-central-pa-chambersburg-pa-dr-ali-yousufuddin-md-pa-17201,www-duplicate,921
https://painclinics.com/?clinics=mid-valley-pain-clinic,legacy-url-format,920
https://www.painclinics.com/pain-management/carolina-spine-and-sport-rehabilitation-specialists-pa-sc-29485,www-duplicate,920
https://painclinics.com/?clinics=pain-and-spine-clinics,legacy-url-format,911
https://www.painclinics.com/pain-management/dr-john-s-lutz-m-d-ms-39202,www-duplicate,909
https://www.painclinics.com/pain-management/kentucky-pain-associates-ky-40202,www-duplicate,902
https://www.painclinics.com/pain-management/saad-ahmed-syed-md-ks-66061,www-duplicate,898
https://www.painclinics.com/pain-management/carolina-pain-associates-pa-merged-with-ubylee-nc-28211,www-duplicate,897
https://www.painclinics.com/pain-management/complete-pain-care-al-35004,www-duplicate,896
https://painclinics.com/?clinics=miller-scott-md,legacy-url-format,893
https://www.painclinics.com/pain-management/boston-pain-clinic-ma-2136,www-duplicate,892
https://www.painclinics.com/pain-management/perimeter-pain-and-primary-tn-38501,www-duplicate,888
https://www.painclinics.com/pain-management/oklahoma-physical-medicine-pettingell-tim-g-md-ok-74137,www-duplicate,888
https://www.painclinics.com/pain-management/pain-free-life-centers-mi-48085,www-duplicate,887
https://painclinics.com/?clinics=apex-pain-clinic-spencer,legacy-url-format,882
https://www.painclinics.com/pain-management/dr-damon-d-cary-de-19805,www-duplicate,881
https://painclinics.com/?clinics=sunrise-pain-management-professionals-l-l-c,legacy-url-format,869
https://www.painclinics.com/pain-management/dr-melanie-c-firmin-md-la-71303,www-duplicate,864
https://www.painclinics.com/pain-management/smg-morton-hospital-pain-clinic-ma-2780,www-duplicate,863
https://www.painclinics.com/pain-management/bend-spine-pain-specialists-or-97701,www-duplicate,841
https://www.painclinics.com/pain-management/dr-azhar-m-pasha-md-ms-39301,www-duplicate,839
https://painclinics.com/?clinics=dr-a-raj-r-swain-md,legacy-url-format,830
https://www.painclinics.com/pain-management/dr-daniel-r-kloster-md-ks-66209,www-duplicate,827
https://www.painclinics.com/pain-management/covington-pain-management-va-24426,www-duplicate,827
https://www.painclinics.com/pain-management/ic-pain-solutions-pc-in-46227,www-duplicate,824
https://www.painclinics.com/pain-management/advance-pain-spine-institute-llc-ky-41056,www-duplicate,822
https://www.painclinics.com/pain-management/rutvij-jaydeep-shah-md-ga-31904,www-duplicate,820
https://www.painclinics.com/pain-management/pain-institute-of-springfield-tn-37172,www-duplicate,816
https://www.painclinics.com/pain-management/dr-vishwajit-m-brahmbhatt-md-in-47374,www-duplicate,813
https://www.painclinics.com/pain-management/johnathon-p-shaffer-md-iu-health-pain-center-in-47401,www-duplicate,810
https://www.painclinics.com/pain-management/lighthouse-pain-clinic-al-35244,www-duplicate,796
https://painclinics.com/?clinics=low-country-pain-vein-center,legacy-url-format,781
https://www.painclinics.com/pain-management/marion-pain-clinic-oh-43302,www-duplicate,779
https://www.painclinics.com/pain-management/joint-and-spine-pain-center-north-tn-37042,www-duplicate,777
https://painclinics.com/?clinics=headache-pain-management-associates-of-westchester,legacy-url-format,775
https://www.painclinics.com/pain-management/wake-spine-pain-specialists-winston-salem-nc-27103,www-duplicate,775
https://www.painclinics.com/pain-management/carolinas-center-for-advanced-management-of-pain-nc-28803,www-duplicate,770
https://www.painclinics.com/pain-management/shailesh-gandhi-do-wi-53405,www-duplicate,769
https://www.painclinics.com/pain-management/physician-partners-of-america-pain-relief-group-fl-34741,www-duplicate,767
https://www.painclinics.com/pain-management/hsu-powen-md-nh-3301,www-duplicate,765
https://www.painclinics.com/pain-management/fremont-pain-treatment-center-ca-94536,www-duplicate,756
https://www.painclinics.com/pain-management/midwest-pain-and-spine-center-dr-michael-xiaohui-fan-mo-63640,www-duplicate,751
https://www.painclinics.com/pain-management/lodi-pain-clinic-ca-95242,www-duplicate,748
https://www.painclinics.com/pain-management/colonial-pain-management-sc-29150,www-duplicate,748
https://www.painclinics.com/pain-management/advanced-pain-medicine-morgantown-wv-wv-26505,www-duplicate,742
https://www.painclinics.com/pain-management/piedmont-pain-medicine-va-24541,www-duplicate,741
https://www.painclinics.com/pain-management/mcleod-interventional-pain-management-carolina-forest-sc-29579,www-duplicate,720
https://www.painclinics.com/pain-management/center-for-regenerative-orthopedic-medicine-pc-or-97504,www-duplicate,720
https://www.painclinics.com/pain-management/swedish-functional-restoration-clinic-seattle-wa-98122,www-duplicate,715
https://www.painclinics.com/pain-management/friedman-joel-md-hi-96790,www-duplicate,708
https://www.painclinics.com/pain-management/brian-yee-do-wv-25801,www-duplicate,706
https://www.painclinics.com/pain-management/balint-pain-management-center-va-24486,www-duplicate,704
https://www.painclinics.com/pain-management/riverwoods-spine-and-pain-ut-84057,www-duplicate,703
https://www.painclinics.com/pain-management/pain-clinic-lakeview-health-clinic-nd-58701,www-duplicate,703
https://www.painclinics.com/pain-management/knox-pain-management-pllc-10589,www-duplicate,699
https://www.painclinics.com/pain-management/dr-shawn-x-mei-md-ms-39503,www-duplicate,693
https://www.painclinics.com/pain-management/avni-gupta-md-il-61602,www-duplicate,693
https://painclinics.com/?clinics=pain-clinic-of-northwestern-wi,legacy-url-format,691
https://www.painclinics.com/pain-management/dr-randall-j-franiak-md-in-46038,www-duplicate,689
https://www.painclinics.com/pain-management/comprehensive-pain-management-center-brinton-lake-pa-19342,www-duplicate,679
https://www.painclinics.com/pain-management/dr-uday-uthaman-de-19808,www-duplicate,676
https://www.painclinics.com/pain-management/anesthesia-pain-services-llc-ne-68512,www-duplicate,666
https://www.painclinics.com/pain-management/marshall-pain-clinic-al-35976,www-duplicate,662
https://www.painclinics.com/pain-management/arkansas-pain-center-ltd-butch-garlapati-md-ar-72117,www-duplicate,658
https://www.painclinics.com/pain-management/gretchen-wienecke-md-ok-73134,www-duplicate,658
https://www.painclinics.com/pain-management/comprehensive-pain-center-of-mississippi-ms-39110,www-duplicate,657
https://www.painclinics.com/pain-management/sage-interventional-pain-medicine-llc-in-46714,www-duplicate,653
https://www.painclinics.com/pain-management/allison-gorski-ma-2747,www-duplicate,650
https://www.painclinics.com/pain-management/denver-diagnostic-pain-co-80111,www-duplicate,649
https://www.painclinics.com/pain-management/athens-limestone-pain-center-al-35611,www-duplicate,648
https://www.painclinics.com/pain-management/southeastern-med-pain-management-oh-43725,www-duplicate,642
https://www.painclinics.com/pain-management/newton-and-associates-spine-and-pain-ga-30067,www-duplicate,639
https://www.painclinics.com/pain-management/doc-pain-management-west-chester-oh-45069,www-duplicate,637
https://www.painclinics.com/pain-management/northwest-pain-management-rehab-wa-98166,www-duplicate,633
https://www.painclinics.com/pain-management/dr-james-hunt-ar-72117,www-duplicate,631
https://painclinics.com/?clinics=dr-j-paul-p-meyer-md-2,legacy-url-format,628
https://www.painclinics.com/pain-management/boston-pain-clinic-ma-02136,www-duplicate,627
https://www.painclinics.com/pain-management/methodist-pain-management-center-il-61602,www-duplicate,624
https://www.painclinics.com/pain-management/pain-physicians-of-wisconsin-wi-53045,www-duplicate,623
https://www.painclinics.com/pain-management/joints-nerves-spine-wi-54911,www-duplicate,623
https://painclinics.com/?clinics=pain-physicians-of-wisconsin-dr-andrzej-staszkiewicz,legacy-url-format,620
https://www.painclinics.com/pain-management/frenette-luc-md-al-35173,www-duplicate,619
https://www.painclinics.com/pain-management/louisiana-pain-physicians-la-71106,www-duplicate,617
https://www.painclinics.com/pain-management/barrett-randall-k-dr-pa-16201,www-duplicate,617
https://painclinics.com/?clinics=metro-mn-pain,legacy-url-format,614
https://www.painclinics.com/pain-management/john-welker-md-tn-38401,www-duplicate,609
https://www.painclinics.com/pain-management/forrest-p-allen-do-tn-37090,www-duplicate,605
https://www.painclinics.com/pain-management/thimineur-mark-md-ct-6450,www-duplicate,604
https://www.painclinics.com/pain-management/institute-for-low-back-care-dr-panjini-sivanna-nd-58104,www-duplicate,599
https://www.painclinics.com/pain-management/interventional-pain-management-of-lake-norman-nc-28117,www-duplicate,599
https://www.painclinics.com/pain-management/dr-lydia-h-ferrell-md-in-46227,www-duplicate,596
https://www.painclinics.com/pain-management/mangieri-eugene-a-md-al-35476,www-duplicate,591
https://www.painclinics.com/pain-management/honolulu-pain-management-clinic-llc-wang-jeffrey-s-md-hi-96813,www-duplicate,586
https://www.painclinics.com/pain-management/mililani-pain-center-hi-96789,www-duplicate,583
https://www.painclinics.com/pain-management/dr-howard-quint-wa-98026,www-duplicate,579
https://www.painclinics.com/pain-management/csra-pain-management-sc-29841,www-duplicate,578
https://www.painclinics.com/pain-management/low-country-pain-vein-center-sc-29115,www-duplicate,567
https://painclinics.com/?clinics=dr-john-t-sacha-md,legacy-url-format,565
https://www.painclinics.com/pain-management/painpro-specialists-ut-84095,www-duplicate,560
https://www.painclinics.com/pain-management/dr-umar-cheema-md-pain-medicine-presbyterian-pain-and-spine-in-albuquerque-at-kaseman-hospital-nm-87110,www-duplicate,558
https://www.painclinics.com/pain-management/rivers-edge-pain-relief-wheeling-west-virginia-wv-26003,www-duplicate,556
https://painclinics.com/?clinics=david-y-xiong-md-phd-advanced-spine-and-pain-care-llc,legacy-url-format,550
https://www.painclinics.com/pain-management/integrated-pain-care-nh-3110,www-duplicate,546
https://www.painclinics.com/pain-management/bluegrass-bone-joint-llc-ky-40210,www-duplicate,545
https://painclinics.com/?clinics=pain-center-of-wyoming-valley,legacy-url-format,543
https://www.painclinics.com/pain-management/vishal-m-patel-m-d-oshkosh-wi-54904,www-duplicate,531
https://www.painclinics.com/pain-management/integrated-pain-care-nh-03110,www-duplicate,528
https://www.painclinics.com/pain-management/gisele-j-girault-md-pain-medicine-specialists-sc-29708,www-duplicate,524
https://www.painclinics.com/pain-management/lee-hungchih-md-oh-45069,www-duplicate,520
https://www.painclinics.com/pain-management/dr-mark-c-meyer-md-co-80919,www-duplicate,513
https://www.painclinics.com/pain-management/wade-s-lukken-m-d-sd-57049,www-duplicate,511
https://www.painclinics.com/pain-management/georgia-pain-management-diagnostics-ga-30501,www-duplicate,508
https://www.painclinics.com/pain-management/dr-stuart-m-rosenblum-md-or-97209,www-duplicate,506
https://www.painclinics.com/pain-management/frederick-c-fisher-m-d-sd-57049,www-duplicate,501
https://www.painclinics.com/pain-management/william-newton-do-tn-37398,www-duplicate,499
https://www.painclinics.com/pain-management/hennepin-healthcare-interventional-pain-clinic-mn-55404,www-duplicate,499
https://www.painclinics.com/pain-management/dr-roger-misasi-ks-66762,www-duplicate,492
https://www.painclinics.com/pain-management/lakeshore-pain-and-spine-center-bradley-silva-md-wi-53142,www-duplicate,488
https://www.painclinics.com/pain-management/advanced-pain-institute-isaac-minehart-md-ca-91007,www-duplicate,487
https://www.painclinics.com/pain-management/kost-jonathan-a-md-ct-6107,www-duplicate,477
https://www.painclinics.com/pain-management/neuroscience-and-pain-institute-dr-chad-la-70403,www-duplicate,474
https://www.painclinics.com/pain-management/midwest-pain-rehabilitation-cho-myung-j-md,www-duplicate,466
https://www.painclinics.com/pain-management/premier-spine-and-pain-clinics-pllc-louis-saeger-md-mn-55435,www-duplicate,466
https://www.painclinics.com/pain-management/brant-smith-do-ks-66606,www-duplicate,465
https://www.painclinics.com/pain-management/daniel-s-bennett-md-dabpm-co-80401,www-duplicate,459
https://www.painclinics.com/pain-management/advanced-pain-medicine-psc-ky-40509,www-duplicate,456
https://www.painclinics.com/pain-management/dr-narinder-gupta-md-la-70056,www-duplicate,451
https://www.painclinics.com/pain-management/brian-jones-md-ks-66112,www-duplicate,450
https://www.painclinics.com/pain-management/mercy-pain-management-center-north-tn-37849,www-duplicate,447
https://painclinics.com/?clinics=eureka-pain-clinic,legacy-url-format,443
https://www.painclinics.com/pain-management/sv-pain-management-ma-1028,www-duplicate,441
https://www.painclinics.com/pain-management/may-pain-institute-ky-40701,www-duplicate,437
https://www.painclinics.com/pain-management/arpan-j-patel-md-edgerton-hospital-pain-spine-center-wi-53534,www-duplicate,432
https://www.painclinics.com/pain-management/meadow-city-procedural-pain-management-nm-87701,www-duplicate,425
https://www.painclinics.com/pain-management/restored-horizons-pain-management-id-83815,www-duplicate,422
https://www.painclinics.com/pain-management/southern-pain-control-center-al-36117,www-duplicate,420
https://www.painclinics.com/pain-management/brandywine-pain-management-inc-de-19808,www-duplicate,410
https://www.painclinics.com/pain-management/pain-solutions-pain-and-psych-s-c-wi-53226,www-duplicate,410
https://www.painclinics.com/pain-management/integris-pain-management-north-ok-73112,www-duplicate,409
https://www.painclinics.com/pain-management/jason-williams-md-id-83706,www-duplicate,405
https://www.painclinics.com/pain-management/denver-pain-management-associates-dr-erik-natkin-co-80222,www-duplicate,403
https://www.painclinics.com/pain-management/thimineur-mark-md-ct-06450,www-duplicate,393
https://painclinics.com/?clinics=preferred-wound-care,legacy-url-format,390
https://www.painclinics.com/pain-management/ahmad-usmani-md-nh-3038,www-duplicate,387
https://painclinics.com/?clinics=michigan-institute-for-interventional-pain-ihsan-asbahi-md,legacy-url-format,367
https://www.painclinics.com/pain-management/oregon-pain-center-or-97225,www-duplicate,342
https://www.painclinics.com/pain-management/dr-gayathry-inamdar-md-ia-50702,www-duplicate,335
https://painclinics.com/?clinics=verde-pain-services,legacy-url-format,335
https://www.painclinics.com/pain-management/jeffrey-gorelick-md-wi-53213,www-duplicate,327
https://www.painclinics.com/pain-management/dr-marjorie-e-belsky-md-nv-89009,www-duplicate,326
https://www.painclinics.com/pain-management/wyoming-pain-institute-wy-82718,www-duplicate,316
https://www.painclinics.com/pain-management/trevin-thurman-m-d-wy-82009,www-duplicate,301
https://www.painclinics.com/pain-management/jasmine-barksdale-cobb-np-de-19963,www-duplicate,295
https://www.painclinics.com/pain-management/virginia-pain-network-and-clinics-va-23235,www-duplicate,293
https://www.painclinics.com/pain-management/dr-joseph-d-paz-do-pa-18702,www-duplicate,289
https://www.painclinics.com/pain-management/comprehensive-spine-and-pain-management-de-19713,www-duplicate,280
https://www.painclinics.com/pain-management/mauricio-garcia-md-ks-66211,www-duplicate,278
https://www.painclinics.com/pain-management/pain-center-st-james-healthcare-mt-59701,www-duplicate,274
https://www.painclinics.com/pain-management/jeremy-b-poulsen-d-o-sd-57049,www-duplicate,266
https://painclinics.com/?clinics=arkansas-headache-sleep-pain-clinics,legacy-url-format,232
https://www.painclinics.com/pain-management/steven-robert-peloquin-md-ks-66502,www-duplicate,224
https://www.painclinics.com/pain-management/institute-of-precision-pain-medicine-tx-77521/,www-duplicate,211
https://www.painclinics.com/pain-management/donna-morgan-m-d-or-97401,www-duplicate,204
https://www.painclinics.com/pain-management/eastern-ct-pain-ct-6360,www-duplicate,192
https://www.painclinics.com/pain-management/dr-sekou-f-molette-md-tn-37203,www-duplicate,179
https://www.painclinics.com/pain-management/dr-robert-h-long-md-mn-55331,www-duplicate,172
https://www.painclinics.com/pain-management/dr-david-k-hagstrom-tx-79412/,www-duplicate,129
https://www.painclinics.com/pain-management/trevin-thurman-m-d-wy-82901,www-duplicate,103
