Query,Clicks,Impressions,CTR,Position,Cluster,PosBucket
center for symptom relief,279,1492,18.7,4.02,clinic-name,4-10
pain management near me,277,21110,1.31,20.11,near-me,21+
open arms pain clinic,268,4581,5.85,6.0,clinic-name,4-10
mid america pain clinic,229,2817,8.13,5.07,clinic-name,4-10
dr oliver james,131,2174,6.03,5.03,clinic-name,4-10
optimal pain and wellness,126,2652,4.75,5.89,clinic-name,4-10
tennessee pain professionals,126,1533,8.22,4.88,city-state,4-10
csar lexington ky,123,1195,10.29,2.12,city-state,1-3
spine and pain associates,122,4593,2.66,6.45,clinic-name,4-10
ic pain solutions,117,663,17.65,3.76,generic,4-10
optimal pain and wellness bentonville,112,920,12.17,2.66,clinic-name,1-3
kaloko pain center,108,3040,3.55,3.71,clinic-name,4-10
pca pain care center,106,777,13.64,4.16,clinic-name,4-10
pain clinic of northwest florida,103,779,13.22,3.25,city-state,4-10
spine and pain associates kingsport,93,1576,5.9,2.23,clinic-name,1-3
csar pain management,86,899,9.57,2.56,generic,1-3
pain clinics near me,85,3584,2.37,15.46,near-me,11-20
royal pain center,83,1815,4.57,4.49,clinic-name,4-10
oregon pain and spine specialists,80,1234,6.48,3.21,city-state,4-10
nevada pain and wellness center,79,448,17.63,2.83,city-state,1-3
pain clinic near me,78,9059,0.86,17.22,near-me,11-20
pain management,76,11602,0.66,34.37,generic,21+
trucare pain management,76,1094,6.95,2.46,clinic-name,1-3
comprehensive pain and headache treatment center,76,443,17.16,4.88,condition,4-10
"ic pain solutions, pc",74,374,19.79,1.75,generic,1-3
pain management doctors near me,69,5262,1.31,29.36,near-me,21+
oliver james md,63,1123,5.61,4.53,city-state,4-10
riverwoods spine and pain,61,673,9.06,3.15,generic,4-10
texas pain clinic,60,2532,2.37,14.38,city-state,11-20
dr. oliver james,58,828,7.0,4.54,clinic-name,4-10
dr oliver james lexington ky,56,841,6.66,3.45,city-state,4-10
perimeter pain and primary,55,584,9.42,2.52,generic,1-3
pain management doctors near me that prescribe narcotics,54,634,8.52,10.48,near-me,11-20
dr. jawad bhatti,52,853,6.1,7.25,clinic-name,4-10
csra pain management,49,640,7.66,4.57,generic,4-10
kentucky pain associates,49,563,8.7,5.34,city-state,4-10
oregon pain and spine,48,886,5.42,3.41,city-state,4-10
fremont pain treatment center,48,806,5.96,4.47,clinic-name,4-10
jawad bhatti md,47,9800,0.48,8.17,city-state,4-10
jawad bhatti,47,1258,3.74,8.84,generic,4-10
knee pain centers of america,46,5775,0.8,8.15,condition,4-10
superior pain management,45,2924,1.54,6.32,generic,4-10
pain doctors near me,45,2025,2.22,19.08,near-me,11-20
pain management consultants of southwest florida,44,2994,1.47,7.59,city-state,4-10
"csar, pllc, dr. oliver c. james, md",44,394,11.17,3.67,city-state,4-10
open arms pain clinic colorado springs,43,467,9.21,4.66,city-state,4-10
pca wallingford,41,355,11.55,3.11,generic,4-10
dr james oliver,40,1321,3.03,5.39,clinic-name,4-10
csar pllc lexington ky,40,247,16.19,1.87,city-state,1-3
greenville pain and spine,39,3044,1.28,7.2,generic,4-10
pain specialists of cincinnati,39,453,8.61,8.41,clinic-name,4-10
center for complex pain care,37,2523,1.47,4.1,clinic-name,4-10
pain relief center elizabethtown ky,36,439,8.2,4.28,city-state,4-10
advanced pain management of elwood,36,297,12.12,4.25,generic,4-10
pain clinic,35,9564,0.37,21.01,clinic-name,21+
aurora pain clinic,34,1552,2.19,21.36,clinic-name,21+
"center for chronic pain management johnson city, tn",34,339,10.03,4.65,condition,4-10
bellamy pain management,33,377,8.75,3.53,generic,4-10
honolulu pain management clinic,31,382,8.12,6.22,clinic-name,4-10
tlc pain management,31,270,11.48,4.63,generic,4-10
"csar, pllc",31,143,21.68,2.09,clinic-name,1-3
pain clinic dakota dunes,30,1365,2.2,5.06,clinic-name,4-10
lodi pain clinic,30,709,4.23,5.95,clinic-name,4-10
james oliver md,30,547,5.48,4.5,city-state,4-10
royal pain center augusta ga,30,313,9.58,3.27,city-state,4-10
dr tayeb,30,277,10.83,5.28,clinic-name,4-10
vitality pain center,29,1150,2.52,7.95,clinic-name,4-10
superior pain management anderson sc,29,737,3.93,4.7,city-state,4-10
csar pain management lexington ky,29,272,10.66,2.69,city-state,1-3
premier pain and wellness,28,1443,1.94,6.74,clinic-name,4-10
complete pain care,28,1083,2.59,6.78,clinic-name,4-10
brain and pain care,27,977,2.76,7.75,clinic-name,4-10
pain management bristol tn,27,759,3.56,8.53,city-state,4-10
carolina spine and pain sumter sc,27,462,5.84,4.54,city-state,4-10
pain pro specialists,27,358,7.54,5.68,clinic-name,4-10
advanced pain management,26,4440,0.59,23.73,generic,21+
spine & pain associates,26,538,4.83,5.32,clinic-name,4-10
wade lukken,26,217,11.98,4.51,generic,4-10
pain management group,25,3403,0.73,15.35,clinic-name,11-20
pain specialist near me,25,2714,0.92,20.0,near-me,11-20
balint pain management center,25,527,4.74,5.52,clinic-name,4-10
spine and pain associates bristol tn,25,439,5.69,2.36,city-state,1-3
open arms pain management,25,355,7.04,4.96,generic,4-10
interventional pain center merced,25,298,8.39,4.89,clinic-name,4-10
bluegrass bone and joint,25,291,8.59,4.22,generic,4-10
pain management doctor near me,24,5010,0.48,27.22,near-me,21+
access pain solutions,24,3601,0.67,9.98,generic,4-10
pain management cookeville tn,24,851,2.82,7.77,city-state,4-10
carolina center for advanced management of pain,24,650,3.69,8.16,clinic-name,4-10
texas pain clinic mcallen,24,595,4.03,2.14,city-state,1-3
sage interventional pain medicine,24,322,7.45,3.17,generic,4-10
active pain treatment,24,302,7.95,6.17,generic,4-10
oliver james pain management,24,297,8.08,3.93,generic,4-10
dr james oliver lexington ky,24,272,8.82,3.06,city-state,4-10
honolulu pain management,23,1201,1.92,8.45,generic,4-10
advanced pain center waterford,23,666,3.45,5.57,clinic-name,4-10
alan spanos,23,464,4.96,8.88,generic,4-10
dr rafi,22,785,2.8,8.72,clinic-name,4-10
horizon pain management,22,605,3.64,5.29,generic,4-10
renew medical clinic,22,439,5.01,11.57,clinic-name,11-20
oregon pain and spine eugene oregon,22,417,5.28,3.02,city-state,4-10
csar pllc,22,204,10.78,1.87,clinic-name,1-3
center for pain management,21,4141,0.51,27.96,clinic-name,21+
total pain treatment centers of ct,21,1697,1.24,5.08,city-state,4-10
dr jawad bhatti,21,875,2.4,8.86,clinic-name,4-10
st madron medical clinic,21,682,3.08,5.67,clinic-name,4-10
south lake pain institute,21,556,3.78,7.73,clinic-name,4-10
brandywine pain management,21,468,4.49,6.43,generic,4-10
spine and pain center bismarck,21,444,4.73,5.03,clinic-name,4-10
integrated pain care,21,417,5.04,16.32,clinic-name,11-20
omega joint and spine centers,21,407,5.16,3.28,clinic-name,4-10
riverwood spine and pain,21,345,6.09,3.26,generic,4-10
chronic pain management queensbury,21,143,14.69,2.38,condition,1-3
laurel pain clinic,20,6483,0.31,11.13,clinic-name,11-20
advanced pain management anderson indiana,20,711,2.81,6.1,city-state,4-10
spine and pain associates chattanooga,20,699,2.86,4.61,clinic-name,4-10
pain management modesto,20,517,3.87,23.57,generic,21+
advanced pain center,20,487,4.11,6.35,clinic-name,4-10
insight pain management dearborn,20,472,4.24,4.33,generic,4-10
optimal pain and wellness fayetteville ar,20,389,5.14,5.52,city-state,4-10
dr cline pain management,20,325,6.15,4.78,clinic-name,4-10
dr shah pain management,20,305,6.56,14.43,clinic-name,11-20
dr lukken,20,150,13.33,3.58,clinic-name,4-10
center for chronic pain management,20,95,21.05,6.64,condition,4-10
pain care center wallingford ct,20,86,23.26,2.85,city-state,1-3
comprehensive pain management,19,4130,0.46,35.91,generic,21+
pain doctor near me,19,2230,0.85,22.34,near-me,21+
dr barclay laurel ms,19,948,2.0,6.23,city-state,4-10
pain management columbus ohio,19,826,2.3,22.78,city-state,21+
mililani pain center,19,722,2.63,8.09,clinic-name,4-10
spine and pain center bismarck nd,19,222,8.56,6.18,city-state,4-10
"vivek barclay, md",19,185,10.27,7.69,city-state,4-10
premier pain and spine,18,3042,0.59,11.25,generic,11-20
methodist pain management,18,767,2.35,6.4,generic,4-10
true care pain management,18,425,4.24,2.53,clinic-name,1-3
dr thimineur,18,275,6.55,6.0,clinic-name,4-10
lydia ferrell,18,209,8.61,7.8,generic,4-10
waters edge yakima,17,2611,0.65,6.66,generic,4-10
pain clinics,17,1991,0.85,20.25,clinic-name,21+
pain management clinics near me,17,1333,1.28,24.67,near-me,21+
regen doctors,17,1201,1.42,10.38,generic,11-20
pain management kingsport tn,17,852,2.0,8.72,city-state,4-10
three crosses pain management,17,832,2.04,4.85,generic,4-10
dr gupta pain management,17,604,2.81,10.92,clinic-name,11-20
eastern physical medicine and wellness center,17,561,3.03,6.1,clinic-name,4-10
mid michigan pain management,17,559,3.04,8.47,city-state,4-10
piedmont pain medicine,17,436,3.9,7.1,generic,4-10
oliver james lexington ky,17,416,4.09,4.91,city-state,4-10
"traditional chinese medicine and accupuncture services, dr. wu, yi qiao",17,259,6.56,4.31,clinic-name,4-10
open arms colorado springs,17,143,11.89,4.2,city-state,4-10
dr wade lukken,17,127,13.39,3.94,clinic-name,4-10
dr stowe dartmouth ma,17,71,23.94,2.08,city-state,1-3
pain management doctors,16,3147,0.51,26.91,generic,21+
interventional pain management,16,1252,1.28,21.12,generic,21+
pain relief center,16,1188,1.35,37.61,clinic-name,21+
dr lydia ferrell,16,1026,1.56,8.41,clinic-name,4-10
carolinas center for advanced management of pain,16,733,2.18,9.16,clinic-name,4-10
pain management hopkinsville ky,16,725,2.21,7.22,city-state,4-10
damon cary,16,604,2.65,7.88,generic,4-10
dr barclay,16,596,2.68,6.37,clinic-name,4-10
dr alan spanos,16,264,6.06,9.27,clinic-name,4-10
broadway neck and spine,16,166,9.64,3.31,generic,4-10
carolina spine and sport rehabilitation specialists pa,16,163,9.82,3.37,city-state,4-10
gretchen wienecke md,16,162,9.88,5.22,city-state,4-10
advanced pain management mankato,16,137,11.68,4.77,generic,4-10
western state pain institute,15,2143,0.7,7.75,clinic-name,4-10
midsouth spine and pain associates,15,1171,1.28,7.4,clinic-name,4-10
pain management bentonville ar,15,1110,1.35,16.56,city-state,11-20
dr vish richmond indiana,15,739,2.03,4.65,city-state,4-10
finley pain clinic,15,724,2.07,7.77,clinic-name,4-10
brain and pain care shreveport la,15,662,2.27,7.0,city-state,4-10
pain management cambridge ohio,15,607,2.47,6.33,city-state,4-10
pain specialist of cincinnati,15,553,2.71,9.02,generic,4-10
lakeview spine,15,463,3.24,6.75,generic,4-10
texas pain clinic mcallen tx,15,389,3.86,2.35,city-state,1-3
balint pain management,15,307,4.89,5.62,generic,4-10
dr bhatti,15,280,5.36,8.75,clinic-name,4-10
spine and pain associates bristol,15,270,5.56,1.42,clinic-name,1-3
dr rafi russellville ar,15,263,5.7,6.03,city-state,4-10
us pain and rehabilitation center,15,245,6.12,4.37,clinic-name,4-10
pain relief centers,15,213,7.04,20.08,clinic-name,21+
tn pain professionals,15,149,10.07,3.75,city-state,4-10
integrated pain care bedford nh,15,114,13.16,4.04,city-state,4-10
dr. tayeb,15,114,13.16,4.35,clinic-name,4-10
interventional pain and wellness institute,15,114,13.16,4.37,clinic-name,4-10
mid america pain clinic overland park,15,111,13.51,3.22,clinic-name,4-10
pain management denham springs,15,89,16.85,11.27,generic,11-20
virginia pain network and clinics,15,84,17.86,3.75,city-state,4-10
dr lutz ms sports medicine,15,84,17.86,5.26,city-state,4-10
nevada pain and wellness,15,40,37.5,2.33,city-state,1-3
dominion spine and pain,14,4869,0.29,4.88,generic,4-10
summit pain management marion indiana,14,1911,0.73,4.98,city-state,4-10
pain management associates,14,1435,0.98,17.89,clinic-name,11-20
southern oklahoma pain management,14,1243,1.13,7.28,city-state,4-10
institute of interventional pain management,14,911,1.54,19.82,clinic-name,11-20
dr silver,14,786,1.78,4.93,clinic-name,4-10
summa pain care,14,601,2.33,6.8,clinic-name,4-10
texas pain specialists,14,567,2.47,10.11,city-state,11-20
dr berg pain management,14,391,3.58,6.04,clinic-name,4-10
pain management wallingford ct,14,286,4.9,6.28,city-state,4-10
dr oliver james lexington kentucky,14,255,5.49,5.82,city-state,4-10
dr bhatti office,14,245,5.71,7.81,clinic-name,4-10
sv pain management,14,229,6.11,4.65,generic,4-10
neuroscience and pain institute,14,228,6.14,6.65,clinic-name,4-10
eric dominguez md,14,204,6.86,5.27,city-state,4-10
valley spine and pain,14,199,7.04,3.91,generic,4-10
dr james pain management,14,174,8.05,4.84,clinic-name,4-10
spine and pain institute santa fe,14,168,8.33,3.61,clinic-name,4-10
suwanee pain management center,14,164,8.54,6.07,clinic-name,4-10
perimeter pain,14,163,8.59,3.23,generic,4-10
dr fisher pain clinic,14,151,9.27,4.95,clinic-name,4-10
pain institute of springfield,14,143,9.79,4.23,clinic-name,4-10
dr mark thimineur,14,136,10.29,6.47,clinic-name,4-10
ann lapolla utah,14,65,21.54,3.05,city-state,4-10
dakota dunes pain clinic,13,1940,0.67,6.29,clinic-name,4-10
st luke's pain clinic,13,1827,0.71,8.56,clinic-name,4-10
uc pain management,13,1411,0.92,7.86,generic,4-10
comprehensive pain center,13,1333,0.98,19.2,clinic-name,11-20
pivotal point rehab,13,864,1.5,7.48,clinic-name,4-10
"new jersey institute for pain relief (cranford) - dr. pucciarelli, d.c.",13,617,2.11,5.51,city-state,4-10
pain clinic beckley wv,13,434,3.0,5.64,city-state,4-10
dr kemp eugene oregon,13,358,3.63,3.6,city-state,4-10
dr kemp,13,328,3.96,5.49,clinic-name,4-10
pain management mccomb ms,13,304,4.28,5.86,city-state,4-10
premier chronic pain care,13,294,4.42,7.81,condition,4-10
adam kemp md,13,263,4.94,4.83,city-state,4-10
dr adam kemp,13,250,5.2,4.5,clinic-name,4-10
oc james,13,208,6.25,4.73,generic,4-10
trinity pain center steubenville ohio,13,163,7.98,3.06,city-state,4-10
royal pain management,13,154,8.44,3.73,generic,4-10
southeastern med pain management,13,110,11.82,3.27,generic,4-10
stellate ganglion block near me,13,90,14.44,4.67,near-me,4-10
mercy pain management,12,3573,0.34,20.77,generic,21+
premier pain and spine center,12,2486,0.48,9.1,clinic-name,4-10
chenal pain management,12,2371,0.51,6.67,generic,4-10
spine and pain center,12,1363,0.88,20.54,clinic-name,21+
swedish pain clinic,12,1283,0.94,8.16,clinic-name,4-10
carolina spine and pain,12,1159,1.04,8.41,generic,4-10
desert pain specialists rancho mirage,12,922,1.3,6.39,clinic-name,4-10
dr jeffrey berg,12,546,2.2,8.25,clinic-name,4-10
trinity pain management,12,504,2.38,11.3,generic,11-20
dr delara farmington ct,12,478,2.51,4.43,city-state,4-10
elite pain consultants,12,454,2.64,6.57,generic,4-10
"dr wilkinson pain management johnson city, tn",12,362,3.31,9.32,city-state,4-10
dr pasupuleti,12,330,3.64,6.75,clinic-name,4-10
pain management merced,12,326,3.68,7.43,generic,4-10
pain management terre haute,12,306,3.92,14.4,generic,11-20
comprehensive pain and spine clinic,12,295,4.07,9.27,clinic-name,4-10
dr lee pain management,12,276,4.35,5.95,clinic-name,4-10
pain care consultants,12,262,4.58,6.38,clinic-name,4-10
dr damon cary,12,260,4.62,5.0,clinic-name,4-10
lighthouse pain clinic,12,237,5.06,8.77,clinic-name,4-10
morton hospital pain clinic,12,229,5.24,6.5,clinic-name,4-10
"oregon pain and spine eugene, oregon",12,205,5.85,2.67,city-state,1-3
dr. oliver james photos,12,200,6.0,4.9,clinic-name,4-10
vivek barclay,12,193,6.22,6.37,generic,4-10
csar pain clinic,12,117,10.26,2.05,clinic-name,1-3
pca wallingford ct,12,88,13.64,16.98,city-state,11-20
rockford pain center,11,6430,0.17,9.38,clinic-name,4-10
pain and spine specialists,11,4878,0.23,32.67,clinic-name,21+
commonwealth pain and spine,11,4674,0.24,7.3,generic,4-10
puget sound pain clinic,11,3176,0.35,8.45,clinic-name,4-10
dunes pain clinic,11,2442,0.45,5.97,clinic-name,4-10
pain management group clarksville tn,11,2087,0.53,5.68,city-state,4-10
mays and schnapp jackson tn,11,1899,0.58,7.08,city-state,4-10
peninsula pain clinic silverdale,11,1116,0.99,8.42,clinic-name,4-10
wv pain institute,11,757,1.45,5.24,city-state,4-10
california pain management group,11,522,2.11,9.41,city-state,4-10
spine and pain associates chattanooga tn,11,457,2.41,4.2,city-state,4-10
dr silver fort smith ar,11,446,2.47,5.88,city-state,4-10
restorative pain management,11,362,3.04,7.95,generic,4-10
nj institute for pain relief cherry hill,11,296,3.72,3.62,city-state,4-10
dr stowe,11,289,3.81,27.42,clinic-name,21+
marshall pain clinic,11,281,3.91,7.46,clinic-name,4-10
dr howard quint,11,273,4.03,5.59,clinic-name,4-10
oregon pain & spine specialists,11,223,4.93,3.15,city-state,4-10
suwanee pain management center inc,11,216,5.09,6.87,clinic-name,4-10
pain clinic minot nd,11,202,5.45,6.09,city-state,4-10
springfield pain clinic,11,155,7.1,11.52,clinic-name,11-20
pain management taunton ma,11,154,7.14,7.63,city-state,4-10
mark thimineur md,11,142,7.75,8.89,city-state,4-10
dr cramer pain management,11,135,8.15,4.06,clinic-name,4-10
dr. james oliver,11,131,8.4,3.98,clinic-name,4-10
luke cramer,11,114,9.65,6.79,generic,4-10
free printable pain diary template,11,59,18.64,10.19,generic,11-20
clearway pain solutions,10,6346,0.16,8.43,generic,4-10
sweetwater pain and spine,10,5027,0.2,5.84,generic,4-10
nj institute for pain relief,10,2069,0.48,7.13,city-state,4-10
pain clinics of central california,10,2048,0.49,7.4,city-state,4-10
premier pain clinic,10,1230,0.81,9.83,clinic-name,4-10
nevada pain care gibson,10,1226,0.82,7.39,city-state,4-10
jb hunt neuroscience institute,10,1158,0.86,7.77,clinic-name,4-10
brookhaven pain management,10,962,1.04,9.44,generic,4-10
crimson pain management,10,800,1.25,5.17,generic,4-10
nj institute for pain relief cranford nj,10,745,1.34,5.47,city-state,4-10
pain gps clinic,10,616,1.62,9.38,clinic-name,4-10
pain and spine associates,10,559,1.79,9.69,clinic-name,4-10
brandon pain clinic,10,466,2.15,10.06,clinic-name,11-20
"pain management weatherly drive clarksville, tn",10,357,2.8,6.17,city-state,4-10
pain management richmond indiana,10,348,2.87,8.06,city-state,4-10
dr fan farmington mo,10,315,3.17,8.69,city-state,4-10
dr jawad bhatti richmond va,10,314,3.18,9.11,city-state,4-10
dr usmani derry nh,10,307,3.26,5.36,city-state,4-10
mid-america pain clinic,10,278,3.6,5.8,clinic-name,4-10
sunrise pain management,10,258,3.88,9.08,generic,4-10
kaloko pain clinic,10,202,4.95,3.69,clinic-name,4-10
tidelands pain management market commons,10,192,5.21,5.48,generic,4-10
pain management wallingford,10,192,5.21,6.9,generic,4-10
pain clinics near me accepting new patients,10,186,5.38,14.45,near-me,11-20
600 ferris ave waxahachie tx,10,177,5.65,4.0,city-state,4-10
alb pain management & spine care,10,168,5.95,8.76,clinic-name,4-10
comprehensive pain center of mississippi,10,164,6.1,27.03,city-state,21+
mid american pain clinic,10,155,6.45,3.03,clinic-name,4-10
mid atlantic spine and pain physicians - newark,10,134,7.46,4.25,clinic-name,4-10
dr lutz pain management,10,125,8.0,4.42,clinic-name,4-10
dr dominguez pain management,10,111,9.01,5.13,clinic-name,4-10
dr welker columbia tn,10,106,9.43,5.34,city-state,4-10
stuart rosenblum,10,103,9.71,11.41,generic,11-20
dr lutz,10,100,10.0,10.11,clinic-name,11-20
pain management norwich ct,10,97,10.31,9.72,city-state,4-10
dr peloquin manhattan ks,10,89,11.24,10.63,city-state,11-20
pain management doctors that prescribe narcotics,10,81,12.35,5.95,generic,4-10
columbia interventional pain center,10,56,17.86,4.14,clinic-name,4-10
tatyana stepanenko md,10,37,27.03,3.86,city-state,4-10
red rock neurology,9,3044,0.3,8.39,generic,4-10
grace point pain management,9,2098,0.43,9.26,generic,4-10
pain management clinic near me,9,2045,0.44,28.85,near-me,21+
advanced pain medicine,9,1558,0.58,11.11,generic,11-20
millennium pain management,9,1424,0.63,9.16,generic,4-10
midsouth spine and pain,9,1222,0.74,7.72,generic,4-10
imperial pain specialists,9,690,1.3,6.35,clinic-name,4-10
inland pain specialists victorville,9,641,1.4,6.07,clinic-name,4-10
st louis pain center,9,631,1.43,6.91,clinic-name,4-10
dr miller pain management,9,594,1.52,6.6,clinic-name,4-10
trinity pain center,9,490,1.84,13.5,clinic-name,11-20
pain management clarksville tn,9,477,1.89,14.57,city-state,11-20
suwanee pain management,9,472,1.91,8.91,generic,4-10
dr albers hastings ne,9,396,2.27,5.72,city-state,4-10
southern tennessee spine and pain center,9,396,2.27,7.19,city-state,4-10
midsouth spine and pain associates reviews,9,384,2.34,6.42,clinic-name,4-10
pain physicians of wisconsin,9,373,2.41,11.68,city-state,11-20
pain physicians of wisconsin franklin,9,369,2.44,10.62,city-state,11-20
dr john nelson,9,365,2.47,27.84,clinic-name,21+
dr chin pain management,9,348,2.59,8.76,clinic-name,4-10
pain free life centers,9,325,2.77,9.18,clinic-name,4-10
new west spine and sport,9,309,2.91,5.46,generic,4-10
valley spine and pain clinic wasilla,9,279,3.23,3.87,clinic-name,4-10
marion pain clinic,9,238,3.78,8.94,clinic-name,4-10
brain and pain care shreveport,9,233,3.86,5.05,clinic-name,4-10
robert klickovich,9,231,3.9,10.13,generic,11-20
chronic pain management doctors near me,9,228,3.95,33.31,near-me,21+
west penn pain management,9,213,4.23,7.49,generic,4-10
ornette gaines,9,178,5.06,6.93,generic,4-10
dr newton winchester tn,9,156,5.77,10.78,city-state,11-20
asit upadhyay,9,137,6.57,5.34,generic,4-10
pain relief center louisville ky,9,119,7.56,6.8,city-state,4-10
dr thimineur pain management,9,117,7.69,5.21,clinic-name,4-10
dr inamdar,9,110,8.18,8.18,clinic-name,4-10
pain control center of new jersey,9,93,9.68,3.98,city-state,4-10
dr john lutz,9,88,10.23,5.5,clinic-name,4-10
pain clinic cambridge ohio,9,82,10.98,4.74,city-state,4-10
dr rosenblum pain management,9,67,13.43,8.82,clinic-name,4-10
dr. john nelson,9,54,16.67,9.37,clinic-name,4-10
pain management clinic,8,5894,0.14,25.55,clinic-name,21+
sandia pain center,8,3460,0.23,7.67,clinic-name,4-10
ispine coon rapids,8,3075,0.26,7.28,generic,4-10
interventional pain associates,8,2971,0.27,31.9,clinic-name,21+
anesis spine and pain care,8,2788,0.29,15.67,clinic-name,11-20
integrated pain specialists,8,2571,0.31,11.18,clinic-name,11-20
pain management doctor,8,2516,0.32,26.09,generic,21+
pain solutions,8,1675,0.48,20.53,generic,21+
lafayette pain care kokomo,8,1475,0.54,8.67,clinic-name,4-10
mercy pain management springfield mo,8,1332,0.6,5.98,city-state,4-10
spectrum pain clinic jackson tn,8,1129,0.71,7.4,city-state,4-10
lifespring pain management,8,1114,0.72,7.65,generic,4-10
total pain care,8,951,0.84,12.16,clinic-name,11-20
"pain management consultants of southwest florida, pl",8,923,0.87,7.63,city-state,4-10
pain institute,8,903,0.89,14.87,clinic-name,11-20
west coast health and wellness,8,862,0.93,5.16,clinic-name,4-10
carolina spine and pain centers,8,843,0.95,7.95,clinic-name,4-10
total pain care hattiesburg ms,8,808,0.99,7.01,city-state,4-10
az pain doctors glendale,8,734,1.09,7.0,city-state,4-10
pain center near me,8,733,1.09,15.48,near-me,11-20
access pain solutions muskogee,8,732,1.09,6.6,generic,4-10
vitality pain center lexington ky,8,728,1.1,10.1,city-state,11-20
pain management parkersburg wv,8,626,1.28,6.6,city-state,4-10
dr ajay aggarwal,8,620,1.29,11.59,clinic-name,11-20
pain management knoxville tn,8,548,1.46,53.98,city-state,21+
meridian medical fort smith ar,8,499,1.6,8.23,city-state,4-10
dr tao chen,8,389,2.06,5.48,clinic-name,4-10
methodist pain management flowood ms,8,349,2.29,5.01,city-state,4-10
dr rafi russellville arkansas,8,347,2.31,6.27,city-state,4-10
west philadelphia injury center,8,337,2.37,6.66,clinic-name,4-10
arnold warfield pain center,8,312,2.56,6.91,clinic-name,4-10
dr oliver james reviews,8,309,2.59,11.16,clinic-name,11-20
wv pain institute beckley wv,8,297,2.69,5.04,city-state,4-10
dr brian nichols,8,291,2.75,26.41,clinic-name,21+
dr quadri,8,283,2.83,8.23,clinic-name,4-10
4 corners pain relief institute,8,259,3.09,6.64,clinic-name,4-10
tn premier care,8,256,3.12,4.49,city-state,4-10
"dr. danny silver, md-meridian medical fort smith",8,247,3.24,5.98,clinic-name,4-10
pain clinic bonney lake,8,234,3.42,4.88,clinic-name,4-10
pain management rogers ar,8,218,3.67,8.38,city-state,4-10
aa spine and pain wasilla,8,196,4.08,5.42,generic,4-10
pca pain care center reviews,8,194,4.12,7.01,clinic-name,4-10
dr berg louisville ky,8,192,4.17,4.49,city-state,4-10
howard quint,8,189,4.23,5.65,generic,4-10
dr el khatib attleboro ma,8,188,4.26,6.3,city-state,4-10
pain management minot nd,8,185,4.32,8.15,city-state,4-10
apg pain management,8,182,4.4,6.29,generic,4-10
pain clinic johnson city tn,8,182,4.4,16.7,city-state,11-20
southwest ohio pain management,8,176,4.55,5.59,city-state,4-10
jeffrey berg,8,168,4.76,4.99,generic,4-10
dr nichols pain management,8,164,4.88,4.21,clinic-name,4-10
pain management corbin ky,8,162,4.94,9.36,city-state,4-10
integrated pain,8,161,4.97,22.78,generic,21+
pain management danville va,8,156,5.13,9.47,city-state,4-10
west penn institute for pain medicine,8,150,5.33,5.01,clinic-name,4-10
marjorie belsky,8,146,5.48,3.93,generic,4-10
oregon pain and spine specialists eugene,8,145,5.52,3.22,city-state,4-10
regina thurman,8,143,5.59,4.63,generic,4-10
painpro specialists,8,141,5.67,7.7,clinic-name,4-10
dr gerges pain management,8,137,5.84,9.23,clinic-name,4-10
pca pain care center wallingford ct,8,121,6.61,2.79,city-state,1-3
howard quint md,8,115,6.96,5.77,city-state,4-10
pain management spartanburg sc,8,106,7.55,12.75,city-state,11-20
pain management springfield tn,8,98,8.16,8.88,city-state,4-10
dr. rafi,8,77,10.39,6.55,clinic-name,4-10
michael sabia md,8,76,10.53,9.57,city-state,4-10
medical pain relief clinic,8,75,10.67,4.39,clinic-name,4-10
steven toscano,8,75,10.67,5.21,generic,4-10
christopher stowe,8,74,10.81,6.23,generic,4-10
comprehensive spine and pain management,8,67,11.94,6.64,generic,4-10
dr levenstein,8,46,17.39,3.43,clinic-name,4-10
trevin thurman md,8,43,18.6,7.0,city-state,4-10
dr haider pain management,8,38,21.05,6.5,clinic-name,4-10
online pain management doctors that prescribe narcotics,8,19,42.11,16.74,generic,11-20
peninsula pain clinic,7,6426,0.11,16.75,clinic-name,11-20
"patrick oley, md",7,3265,0.21,11.35,city-state,11-20
pain management specialist near me,7,2631,0.27,39.66,near-me,21+
pain care specialists of oregon,7,2478,0.28,9.28,city-state,4-10
wenatchee pain relief,7,2326,0.3,5.09,generic,4-10
pain management specialist,7,2266,0.31,28.96,generic,21+
center for pain,7,2008,0.35,9.83,clinic-name,4-10
york pain center,7,1855,0.38,7.94,clinic-name,4-10
presbyterian pain and spine,7,1756,0.4,12.65,generic,11-20
pain and wellness center,7,1606,0.44,13.6,clinic-name,11-20
mercy pain clinic,7,1597,0.44,10.1,clinic-name,11-20
pain zero,7,1585,0.44,10.07,generic,11-20
proper pain solutions,7,1565,0.45,7.91,generic,4-10
cullman pain and wellness,7,1544,0.45,8.87,clinic-name,4-10
pain center,7,1462,0.48,21.74,clinic-name,21+
puget sound pain clinic lakewood,7,1446,0.48,8.35,clinic-name,4-10
total pain management,7,1347,0.52,6.91,generic,4-10
advanced pain solutions,7,1333,0.53,9.08,generic,4-10
memorial pain clinic,7,1292,0.54,12.25,clinic-name,11-20
florida pain care,7,1266,0.55,8.02,city-state,4-10
pain management harrison arkansas,7,1256,0.56,8.01,city-state,4-10
clearway pain solutions frederick md,7,1154,0.61,9.11,city-state,4-10
spine and pain management,7,1090,0.64,22.69,generic,21+
sweetwater pain and spine sparks,7,1084,0.65,4.75,generic,4-10
pain physicians of atlanta,7,1084,0.65,12.85,clinic-name,11-20
treasure valley pain center,7,1030,0.68,7.32,clinic-name,4-10
vitruvian health grand rapids,7,940,0.74,6.09,clinic-name,4-10
paincare,7,922,0.76,9.26,clinic-name,4-10
intermountain pain and injury,7,827,0.85,5.49,generic,4-10
advanced pain management of oklahoma,7,803,0.87,10.34,city-state,11-20
southwest pain management,7,741,0.94,22.53,generic,21+
first health pain clinic,7,730,0.96,9.28,clinic-name,4-10
st luke's pain management,7,702,1.0,8.32,generic,4-10
laurel pain clinic laurel ms,7,698,1.0,9.17,city-state,4-10
dr quadri michigan city,7,636,1.1,6.98,city-state,4-10
desert pain management rancho mirage,7,573,1.22,8.54,generic,4-10
st. louis pain center,7,542,1.29,16.47,clinic-name,11-20
interventional pain consultants farragut tn,7,532,1.32,5.98,city-state,4-10
covington pain management,7,524,1.34,15.75,generic,11-20
center for pain relief,7,514,1.36,30.96,clinic-name,21+
west virginia pain institute,7,513,1.36,5.94,city-state,4-10
life spring pain management,7,509,1.38,6.42,generic,4-10
superior pain management reviews,7,415,1.69,9.46,generic,4-10
dr wright pain management,7,414,1.69,9.64,clinic-name,4-10
uc health pain medicine center,7,405,1.73,8.12,clinic-name,4-10
pain management fayetteville ar,7,361,1.94,26.98,city-state,21+
anesthesia and pain services,7,350,2.0,4.94,generic,4-10
dr foster pain management,7,329,2.13,10.48,clinic-name,11-20
superior pain management anderson south carolina,7,327,2.14,6.26,city-state,4-10
pain management augusta maine,7,324,2.16,13.65,city-state,11-20
puget sound pain clinic - lakewood (a sound pain alliance member),7,318,2.2,5.82,clinic-name,4-10
pain management phenix city al,7,318,2.2,5.86,city-state,4-10
integris pain management,7,307,2.28,8.7,generic,4-10
pain center of lake cumberland,7,295,2.37,6.54,clinic-name,4-10
dr gupta orangeburg sc,7,290,2.41,4.93,city-state,4-10
greenville pain & spine photos,7,289,2.42,5.95,generic,4-10
carolina spine and sport rehabilitation specialists,7,287,2.44,7.1,clinic-name,4-10
dr khan laporte indiana,7,277,2.53,9.55,city-state,4-10
lebanon pain and spine,7,265,2.64,6.58,generic,4-10
alan spanos md,7,258,2.71,7.92,city-state,4-10
dr bhatti richmond va,7,255,2.75,8.02,city-state,4-10
barclay laurel ms,7,249,2.81,6.33,city-state,4-10
osf pain center,7,235,2.98,7.01,clinic-name,4-10
sage pain management,7,231,3.03,3.97,generic,4-10
pain cure clinic,7,231,3.03,6.32,clinic-name,4-10
vitality pain clinic,7,228,3.07,9.86,clinic-name,4-10
kansas pain specialists,7,222,3.15,13.38,city-state,11-20
pain centers near me,7,219,3.2,9.26,near-me,4-10
pain physicians of wisconsin layton ave,7,215,3.26,7.58,city-state,4-10
trinity pain medicine associates,7,213,3.29,7.23,clinic-name,4-10
michael grille,7,199,3.52,12.13,generic,11-20
advanced pain management anderson,7,195,3.59,7.45,generic,4-10
lowell shih,7,193,3.63,5.88,generic,4-10
friedman joel md,7,181,3.87,6.37,city-state,4-10
pain management greensboro nc,7,178,3.93,42.56,city-state,21+
knox pain management,7,177,3.95,9.68,generic,4-10
restored horizons,7,166,4.22,9.2,generic,4-10
spine & pain associates photos,7,154,4.55,4.16,clinic-name,4-10
jawad bhatti md richmond va,7,149,4.7,8.3,city-state,4-10
advanced pain management milwaukee,7,147,4.76,12.1,generic,11-20
active pain management,7,142,4.93,20.99,generic,21+
carolina spine and pain centers sumter,7,138,5.07,4.43,clinic-name,4-10
advanced pain specialists,7,136,5.15,13.28,clinic-name,11-20
urgent care of lafayette,7,128,5.47,9.83,clinic-name,4-10
pro care specialty clinic,7,125,5.6,4.89,clinic-name,4-10
dr. joseph alvarez photos,7,123,5.69,4.86,clinic-name,4-10
pain management fairbanks,7,120,5.83,15.22,generic,11-20
dr. kemp,7,113,6.19,4.12,clinic-name,4-10
beaumont center for pain medicine,7,105,6.67,5.97,clinic-name,4-10
doc pain management - troy,7,100,7.0,4.88,generic,4-10
oregon interventional pain consultants,7,90,7.78,8.66,city-state,4-10
"comprehensive pain specialists saginaw, mi",7,90,7.78,9.16,city-state,4-10
pain clinic cullman,7,88,7.95,7.34,clinic-name,4-10
dr. pasupuleti,7,85,8.24,4.69,clinic-name,4-10
nexus health orthopedics,7,84,8.33,5.14,clinic-name,4-10
dr gretchen wienecke,7,83,8.43,5.41,clinic-name,4-10
mark thimineur,7,80,8.75,9.82,generic,4-10
dr oc james lexington ky,7,78,8.97,3.95,city-state,4-10
dr. james hunt,7,74,9.46,10.51,clinic-name,11-20
pain management okc,7,64,10.94,36.14,generic,21+
optimal pain and wellness bentonville ar,7,60,11.67,1.1,city-state,1-3
pain management in clarksville tennessee,7,57,12.28,15.04,city-state,11-20
umar cheema md,7,56,12.5,5.04,city-state,4-10
carolina spine and pain mooresville,7,40,17.5,2.83,generic,1-3
national spine and pain center,6,5321,0.11,15.58,clinic-name,11-20
integrated pain management,6,4096,0.15,18.73,generic,11-20
summit pain management,6,3570,0.17,9.74,generic,4-10
pain care center,6,2860,0.21,25.15,clinic-name,21+
national spine and pain centers,6,2852,0.21,8.24,clinic-name,4-10
patrick oley md,6,2154,0.28,10.32,city-state,11-20
alliance pain management,6,2102,0.29,10.24,generic,11-20
pain and spine institute,6,1837,0.33,20.36,clinic-name,21+
spa city pain management,6,1770,0.34,8.59,generic,4-10
pause pain and wellness,6,1706,0.35,9.51,clinic-name,4-10
st mary's physiatry,6,1598,0.38,6.58,generic,4-10
spine and pain clinic,6,1534,0.39,30.36,clinic-name,21+
clearway pain solutions white marsh,6,1465,0.41,9.43,generic,4-10
center for pain dothan al,6,1442,0.42,6.46,city-state,4-10
granger pain and spine,6,1436,0.42,7.74,generic,4-10
insight pain management,6,1323,0.45,9.54,generic,4-10
interventional pain specialists,6,1281,0.47,21.39,clinic-name,21+
pain clinics of central california stockton,6,1127,0.53,6.77,city-state,4-10
ohsu pain clinic,6,1088,0.55,6.58,clinic-name,4-10
phenix city pain management,6,1067,0.56,6.02,generic,4-10
cottonwood pain clinic,6,906,0.66,39.09,clinic-name,21+
center for pain management sartell,6,901,0.67,11.86,clinic-name,11-20
elite pain management,6,874,0.69,12.93,generic,11-20
all about pain and spine,6,820,0.73,6.35,generic,4-10
eastern shore pain management,6,796,0.75,8.4,generic,4-10
integrated pain and neuroscience,6,741,0.81,6.75,generic,4-10
atlas pain and spine corbin kentucky,6,656,0.91,5.96,city-state,4-10
advance pain management,6,647,0.93,9.41,generic,4-10
pain management forest city nc,6,571,1.05,7.41,city-state,4-10
portland pain solutions,6,544,1.1,4.77,generic,4-10
arkansas spine and pain conway,6,542,1.11,7.73,city-state,4-10
kaseman pain and spine,6,539,1.11,4.72,generic,4-10
dr prevo okc,6,517,1.16,7.15,clinic-name,4-10
taconic spine,6,504,1.19,8.6,generic,4-10
columbia pain management berwick pa,6,448,1.34,8.03,city-state,4-10
centra medical group physical medicine & pain management center,6,445,1.35,6.25,clinic-name,4-10
pain clinic kingsport tn,6,434,1.38,8.63,city-state,4-10
pain and spine center,6,434,1.38,9.83,clinic-name,4-10
pain clinic cookeville tn,6,424,1.42,7.77,city-state,4-10
dr kloster,6,418,1.44,10.02,clinic-name,11-20
sean graham md,6,403,1.49,5.6,city-state,4-10
brain and pain shreveport la,6,403,1.49,5.93,city-state,4-10
spine specialist near me,6,389,1.54,13.61,near-me,11-20
center for pain dothan alabama,6,386,1.55,7.12,city-state,4-10
pain management group clarksville,6,384,1.56,4.15,clinic-name,4-10
mcleod pain management,6,375,1.6,8.1,generic,4-10
pain management covington va,6,370,1.62,9.35,city-state,4-10
pivotal point pain solutions,6,366,1.64,6.93,generic,4-10
fenix health,6,360,1.67,18.35,clinic-name,11-20
dr patel pain management,6,358,1.68,9.27,clinic-name,4-10
michigan interventional pain center dearborn heights,6,356,1.69,4.66,city-state,4-10
advanced pain and spine missoula,6,356,1.69,7.87,generic,4-10
arkansas spine and pain white hall,6,331,1.81,4.78,city-state,4-10
access pain solutions muskogee reviews,6,327,1.83,5.87,generic,4-10
cascade interventional pain center,6,324,1.85,6.07,clinic-name,4-10
american pain institute,6,324,1.85,8.94,clinic-name,4-10
my pain doc columbus nebraska,6,320,1.88,3.81,city-state,4-10
dr hsu pain management,6,318,1.89,11.94,clinic-name,11-20
pain management valleydale road,6,313,1.92,9.14,generic,4-10
oklahoma pain management shawnee,6,309,1.94,7.81,city-state,4-10
vitruvian pain clinic,6,308,1.95,4.53,clinic-name,4-10
dr ryan almeida,6,304,1.97,9.52,clinic-name,4-10
pain management corinth ms,6,282,2.13,11.85,city-state,11-20
greenville pain & spine,6,277,2.17,7.43,generic,4-10
puget sound pain clinic - puyallup (a sound pain alliance member),6,273,2.2,5.25,clinic-name,4-10
methodist pain clinic,6,272,2.21,7.4,clinic-name,4-10
chi pain clinic,6,268,2.24,8.48,clinic-name,4-10
pain management columbia mo,6,252,2.38,26.29,city-state,21+
dr schaffer pain management,6,249,2.41,8.16,clinic-name,4-10
pain management swansea ma,6,249,2.41,8.24,city-state,4-10
complete pain care mlk,6,242,2.48,3.19,clinic-name,4-10
pain management martinsburg wv,6,240,2.5,14.2,city-state,11-20
pain management that prescribe narcotics near me,6,238,2.52,22.87,near-me,21+
pain management lynchburg va,6,236,2.54,21.58,city-state,21+
ssm pain management madison wi,6,229,2.62,5.2,city-state,4-10
clarksville pain clinic,6,226,2.65,19.77,clinic-name,11-20
commonwealth pain management and wellness reviews,6,217,2.76,9.25,clinic-name,4-10
dr ritu varma,6,216,2.78,9.31,clinic-name,4-10
newton and associates spine and pain,6,210,2.86,4.4,clinic-name,4-10
dr joel friedman maui,6,207,2.9,6.23,clinic-name,4-10
interventional pain specialists crestview hills,6,206,2.91,9.5,clinic-name,4-10
kaloko pain,6,205,2.93,3.92,generic,4-10
jeremy romero,6,205,2.93,6.49,generic,4-10
ballard pain and wellness,6,202,2.97,10.7,clinic-name,11-20
mid america pain clinic reviews,6,201,2.99,6.37,clinic-name,4-10
vivek barclay md,6,190,3.16,7.19,city-state,4-10
three rivers spine and pain medicine,6,183,3.28,7.79,generic,4-10
dr quint,6,180,3.33,7.56,clinic-name,4-10
louisiana pain physicians,6,178,3.37,9.8,city-state,4-10
central valley pain management bakersfield,6,176,3.41,8.3,generic,4-10
california back and pain specialists bakersfield ca,6,173,3.47,3.59,city-state,4-10
center for complex pain care photos,6,172,3.49,6.44,clinic-name,4-10
ubylee,6,172,3.49,11.45,generic,11-20
zeeshan tayeb md,6,172,3.49,12.3,city-state,11-20
dr uday uthaman,6,169,3.55,5.53,clinic-name,4-10
pain management augusta ga,6,166,3.61,27.13,city-state,21+
dr de lara,6,162,3.7,4.81,city-state,4-10
dr allison gorski,6,156,3.85,9.79,clinic-name,4-10
dr. moyse,6,150,4.0,8.65,clinic-name,4-10
paul kramm,6,145,4.14,8.24,generic,4-10
hcmc pain clinic,6,138,4.35,7.72,clinic-name,4-10
dr pettingell tulsa,6,137,4.38,6.61,clinic-name,4-10
best pain management doctors near me,6,135,4.44,12.44,near-me,11-20
bhatti jawad w md,6,134,4.48,6.79,city-state,4-10
hans bone,6,131,4.58,8.4,generic,4-10
trigger point injections near me,6,119,5.04,16.08,near-me,11-20
2507 mineral springs ave,6,118,5.08,5.61,generic,4-10
spine and pain associates kingsport tn,6,115,5.22,3.19,city-state,4-10
dr mangieri,6,113,5.31,5.58,clinic-name,4-10
dr gaines pain management,6,112,5.36,4.96,clinic-name,4-10
rutvij shah,6,110,5.45,6.78,generic,4-10
dr downey pain management,6,106,5.66,5.31,clinic-name,4-10
integrative pain and psych care,6,103,5.83,4.15,clinic-name,4-10
pain management st marys ohio,6,103,5.83,5.47,city-state,4-10
pain management oahu,6,102,5.88,25.91,generic,21+
sakshi kaul,6,99,6.06,7.63,generic,4-10
pain clinic cullman al,6,98,6.12,8.72,city-state,4-10
dr cary,6,98,6.12,9.07,clinic-name,4-10
dr. jeffrey berg,6,97,6.19,4.84,clinic-name,4-10
dr ghazi,6,93,6.45,6.69,clinic-name,4-10
pain clinic richmond ky,6,90,6.67,13.38,city-state,11-20
dr kemp pain management,6,88,6.82,4.78,clinic-name,4-10
dr michael grille,6,78,7.69,9.09,clinic-name,4-10
pain management norfolk va,6,74,8.11,14.47,city-state,11-20
pain management hilo,6,73,8.22,13.84,generic,11-20
pain management west chester ohio,6,70,8.57,20.21,city-state,21+
lydia ferrell md,6,68,8.82,6.9,city-state,4-10
integrated pain treatment center,6,65,9.23,7.45,clinic-name,4-10
dr carey pain management,6,62,9.68,4.76,clinic-name,4-10
total pain treatment center middletown ct,6,61,9.84,5.16,city-state,4-10
compass pain care,6,56,10.71,7.09,clinic-name,4-10
albuquerque pain management and spine care,6,53,11.32,9.6,clinic-name,4-10
spine and pain bristol,6,52,11.54,1.73,generic,1-3
presbyterian pain and spine santa fe,6,42,14.29,7.02,generic,4-10
pain center wallingford ct,6,41,14.63,3.83,city-state,4-10
physicians pain and spine,6,40,15.0,11.78,clinic-name,11-20
suwanee pain management center inc photos,6,38,15.79,3.03,clinic-name,4-10
pain clinic in cullman alabama,6,27,22.22,6.52,city-state,4-10
pain management that prescribe narcotics,6,27,22.22,8.3,generic,4-10
"pain clinics in knoxville, tn that take insurance",6,19,31.58,14.58,city-state,11-20
jason genco pa,6,15,40.0,7.73,city-state,4-10
national spine and pain,5,3629,0.14,15.07,generic,11-20
aurora pain management,5,3380,0.15,17.89,generic,11-20
consultants in pain management,5,3123,0.16,9.69,city-state,4-10
the pain management group: clarksville,5,1977,0.25,5.38,clinic-name,4-10
interventional pain consultants,5,1909,0.26,10.59,generic,11-20
pain consultants of west florida,5,1680,0.3,8.32,city-state,4-10
pain treatment centers of america,5,1649,0.3,15.33,clinic-name,11-20
puget sound pain clinic puyallup,5,1472,0.34,6.91,clinic-name,4-10
pain management clinics,5,1354,0.37,27.85,clinic-name,21+
hawaii institute for pain,5,1112,0.45,7.48,city-state,4-10
montgomery pain institute,5,1108,0.45,7.33,clinic-name,4-10
atlas pain and spine richmond ky,5,1036,0.48,7.51,city-state,4-10
advanced pain and spine,5,1021,0.49,7.92,generic,4-10
family first pain management,5,992,0.5,9.08,generic,4-10
dr glen david,5,980,0.51,7.78,clinic-name,4-10
dominion spine and pain springfield va,5,946,0.53,4.4,city-state,4-10
pain management institute bethesda,5,868,0.58,6.81,clinic-name,4-10
sanford pain clinic,5,868,0.58,10.25,clinic-name,11-20
pain treatment center bismarck,5,810,0.62,6.39,clinic-name,4-10
dominion pain and spine,5,799,0.63,5.75,generic,4-10
meridian medical,5,798,0.63,7.35,clinic-name,4-10
texas wellness and pain center,5,778,0.64,10.53,city-state,11-20
access pain solutions reviews,5,760,0.66,10.38,generic,11-20
pinnacle pain scottsdale,5,756,0.66,8.59,generic,4-10
oncall pain,5,721,0.69,9.0,generic,4-10
open arms pain clinic reviews,5,718,0.7,9.13,clinic-name,4-10
utah pain relief institute,5,666,0.75,14.45,city-state,11-20
dr brad wilson,5,662,0.76,36.32,clinic-name,21+
dr james hunt,5,658,0.76,15.99,clinic-name,11-20
arkansas spine and pain jacksonville,5,652,0.77,8.42,city-state,4-10
dr townsend smith,5,622,0.8,7.77,clinic-name,4-10
red rock pain management,5,615,0.81,7.07,generic,4-10
atrium pain management monroe nc,5,590,0.85,8.35,city-state,4-10
texas pain physicians,5,588,0.85,13.17,city-state,11-20
national pain and spine winchester va,5,584,0.86,9.33,city-state,4-10
pain management group cookeville tn,5,560,0.89,5.52,city-state,4-10
carson city pain clinic,5,548,0.91,6.67,clinic-name,4-10
dr joiner,5,542,0.92,15.52,clinic-name,11-20
pain care,5,539,0.93,14.3,clinic-name,11-20
dr kyle oh,5,525,0.95,10.71,city-state,11-20
western pain management,5,523,0.96,9.72,generic,4-10
nadar pain care,5,518,0.97,5.54,clinic-name,4-10
dr powell pain management,5,503,0.99,10.97,clinic-name,11-20
aurora pain management milwaukee,5,502,1.0,7.68,generic,4-10
spine and pain,5,492,1.02,8.74,generic,4-10
firsthealth interventional pain medicine - pinehurst,5,487,1.03,8.26,clinic-name,4-10
aurora pain management doctors,5,484,1.03,9.81,generic,4-10
virginia interventional pain & spine center,5,481,1.04,7.26,city-state,4-10
new jersey institute for pain relief,5,472,1.06,6.61,city-state,4-10
pain management beckley wv,5,457,1.09,12.03,city-state,11-20
dr lou pain management,5,450,1.11,5.73,clinic-name,4-10
chronic pain management,5,443,1.13,6.83,condition,4-10
pain management lodi,5,436,1.15,20.02,generic,21+
dr bux lexington ky,5,434,1.15,17.73,city-state,11-20
dr yee beckley wv,5,433,1.15,6.0,city-state,4-10
dr moyse,5,429,1.17,10.15,clinic-name,11-20
dr gandhi pain management,5,427,1.17,10.93,clinic-name,11-20
my pain doc,5,426,1.17,5.11,generic,4-10
dr fan hutchinson ks,5,415,1.2,6.09,city-state,4-10
midwest pain clinic sioux falls,5,412,1.21,8.48,clinic-name,4-10
pain clinic laurel ms,5,411,1.22,9.48,city-state,4-10
mercy pain management clinic,5,398,1.26,10.75,clinic-name,11-20
pain clinic bismarck nd,5,380,1.32,11.41,city-state,11-20
physicians pain services,5,363,1.38,6.03,clinic-name,4-10
national spine and pain tysons,5,361,1.39,7.92,generic,4-10
pain management brookhaven ms,5,357,1.4,8.62,city-state,4-10
pain clinic opelika al,5,356,1.4,10.44,city-state,11-20
dr joiner roanoke va,5,353,1.42,11.59,city-state,11-20
pain management consultants of southwest florida pl,5,342,1.46,6.31,city-state,4-10
dr patel edgerton wi,5,337,1.48,6.34,city-state,4-10
interventional pain management - mountain home,5,333,1.5,7.59,generic,4-10
pain center billings mt,5,319,1.57,6.57,city-state,4-10
dr oliver pain management,5,309,1.62,10.45,clinic-name,11-20
pain management queensbury ny,5,307,1.63,8.57,city-state,4-10
pain management wheeling wv,5,307,1.63,8.69,city-state,4-10
comprehensive pain management of oklahoma,5,306,1.63,8.14,city-state,4-10
dr usmani,5,301,1.66,12.14,clinic-name,11-20
interventional pain medicine at peacehealth salmon creek clinic,5,284,1.76,6.46,clinic-name,4-10
multicare pain management puyallup,5,278,1.8,9.48,clinic-name,4-10
osf pain clinic bloomington il,5,273,1.83,5.53,city-state,4-10
pain management lexington ky,5,272,1.84,42.7,city-state,21+
brian meek,5,255,1.96,7.62,generic,4-10
advanced pain medicine morgantown wv,5,251,1.99,4.67,city-state,4-10
dr delara pain management,5,250,2.0,4.63,clinic-name,4-10
pain management louisville ky,5,248,2.02,45.23,city-state,21+
pain management sumter sc,5,246,2.03,9.72,city-state,4-10
tiffini lake,5,240,2.08,5.36,generic,4-10
interventional pain consultants knoxville tn,5,239,2.09,6.48,city-state,4-10
sanford pain clinic bismarck nd,5,235,2.13,6.67,city-state,4-10
pain management indianapolis,5,235,2.13,50.66,city-state,21+
pain medicine doctors near me,5,233,2.15,37.06,near-me,21+
pain management milwaukee,5,225,2.22,32.18,generic,21+
carolina spine and pain lexington sc,5,223,2.24,6.39,city-state,4-10
"connecticut regional pain specialists, llc",5,221,2.26,6.49,city-state,4-10
lakeview spine yakima,5,217,2.3,6.74,generic,4-10
oncall pain reviews,5,214,2.34,11.6,generic,11-20
uday uthaman,5,211,2.37,5.28,generic,4-10
lakewood pain clinic,5,211,2.37,8.46,clinic-name,4-10
dr shields jonesboro ar,5,200,2.5,8.85,city-state,4-10
pmc center for pain management,5,196,2.55,3.92,clinic-name,4-10
southlake pain management,5,184,2.72,23.54,generic,21+
access pain solutions | muskogee pain management,5,183,2.73,5.66,generic,4-10
kyle silva do,5,179,2.79,7.51,generic,4-10
procare poteau oklahoma,5,176,2.84,4.45,city-state,4-10
dr joel friedman,5,175,2.86,8.59,clinic-name,4-10
pain management fort smith ar,5,175,2.86,14.89,city-state,11-20
dimensions pain management longmont,5,172,2.91,8.12,generic,4-10
flex pain management shreveport,5,171,2.92,3.88,generic,4-10
dr scott kim,5,171,2.92,25.51,clinic-name,21+
advanced pain and spine institute,5,170,2.94,7.67,clinic-name,4-10
pain alternatives,5,169,2.96,7.73,generic,4-10
dr romankowski,5,161,3.11,6.33,clinic-name,4-10
water's edge yakima,5,157,3.18,5.69,generic,4-10
pain management dothan al,5,152,3.29,16.87,city-state,11-20
908-474-9444,5,151,3.31,5.38,generic,4-10
dr avni gupta,5,150,3.33,9.48,clinic-name,4-10
ihs pain center - the square at latrobe,5,149,3.36,3.83,clinic-name,4-10
advance pain management of florida,5,149,3.36,6.8,city-state,4-10
johnson memorial pain clinic,5,148,3.38,9.3,clinic-name,4-10
pain management birmingham al,5,148,3.38,49.41,city-state,21+
pain management fort myers,5,145,3.45,21.61,generic,21+
north idaho pain center,5,138,3.62,7.03,city-state,4-10
dr cagampan,5,137,3.65,7.01,clinic-name,4-10
"adam kemp, m.d.",5,136,3.68,5.54,generic,4-10
dr james henick,5,136,3.68,6.93,clinic-name,4-10
4916 medical blvd jonesboro ar,5,135,3.7,5.26,city-state,4-10
vitality pain management,5,127,3.94,8.17,generic,4-10
pain management johnson city tn,5,127,3.94,13.67,city-state,11-20
access pain solutions muskogee oklahoma,5,126,3.97,5.71,city-state,4-10
pain clinic huntington wv,5,122,4.1,8.23,city-state,4-10
dr shih,5,120,4.17,5.53,clinic-name,4-10
honolulu pain management aiea,5,120,4.17,7.33,generic,4-10
cullman pain and wellness reviews,5,116,4.31,5.01,clinic-name,4-10
carolina center for advanced pain management,5,107,4.67,10.13,clinic-name,11-20
pain clinics clarksville tn,5,106,4.72,10.12,city-state,11-20
cambridge pain management,5,105,4.76,9.16,generic,4-10
nri pain management,5,100,5.0,5.75,generic,4-10
"pain management 360 charleston, wv",5,98,5.1,6.81,city-state,4-10
dr wu pain management,5,98,5.1,11.18,clinic-name,11-20
pca pain clinic,5,96,5.21,7.73,clinic-name,4-10
dr kenneth finn,5,95,5.26,10.57,clinic-name,11-20
dr ford colorado springs,5,94,5.32,9.31,city-state,4-10
brookhaven anesthesia and pain management,5,91,5.49,5.95,generic,4-10
pain management montgomery al,5,89,5.62,26.21,city-state,21+
nexus orthopedics santa fe,5,88,5.68,4.12,generic,4-10
forrest allen,5,88,5.68,10.33,generic,11-20
jason hernandez md,5,86,5.81,7.42,city-state,4-10
dr dominguez,5,85,5.88,5.32,clinic-name,4-10
cullman pain & wellness photos,5,84,5.95,5.94,clinic-name,4-10
pain management stockton,5,80,6.25,11.76,generic,11-20
dr paz pain management,5,79,6.33,10.86,clinic-name,11-20
pain management huntington wv,5,77,6.49,16.45,city-state,11-20
merced pain management,5,75,6.67,8.35,generic,4-10
pain relief center of cape cod,5,74,6.76,8.08,clinic-name,4-10
pain management cape cod,5,71,7.04,13.23,generic,11-20
dr edward doherty,5,68,7.35,6.76,clinic-name,4-10
sena kihtir,5,67,7.46,6.73,generic,4-10
jeremy smitherman md,5,63,7.94,10.3,city-state,11-20
center for regenerative orthopedic medicine,5,60,8.33,39.5,treatment,21+
pain mgt near me,5,58,8.62,10.21,near-me,11-20
rush pain treatment center,5,57,8.77,6.63,clinic-name,4-10
dr brown pain management,5,57,8.77,7.75,clinic-name,4-10
justin anderson md,5,56,8.93,6.38,city-state,4-10
vishwajit brahmbhatt,5,56,8.93,7.16,generic,4-10
pain clinic sioux city,5,53,9.43,14.17,clinic-name,11-20
daniel bennett md,5,51,9.8,17.37,city-state,11-20
"traditional chinese medicine and accupuncture services dr wu yi qiao new 
york reviews",5,50,10.0,3.38,clinic-name,4-10
powen hsu,5,50,10.0,9.46,generic,4-10
dr thurman,5,45,11.11,8.91,clinic-name,4-10
michael grille md,5,42,11.9,6.86,city-state,4-10
troy jenkins gillette wy,5,41,12.2,4.41,city-state,4-10
pain management panama city,5,41,12.2,8.24,generic,4-10
robert long md,5,38,13.16,8.24,city-state,4-10
dr daniel bennett,5,37,13.51,12.46,clinic-name,11-20
"best pain clinic in nashville, tn",5,34,14.71,3.62,city-state,4-10
cash only pain clinics in tennessee,5,33,15.15,30.03,city-state,21+
dr cho pain management,5,32,15.62,16.97,clinic-name,11-20
arpan patel md,5,31,16.13,18.55,city-state,11-20
john lutz md,5,30,16.67,3.97,city-state,4-10
osh pain management,5,28,17.86,4.5,generic,4-10
john nelson md,5,28,17.86,14.75,city-state,11-20
modesto pain medicine inc,5,27,18.52,3.85,generic,4-10
adrienne mejia md,5,18,27.78,7.44,city-state,4-10
pain management doctors in wv,5,15,33.33,9.33,city-state,4-10
the center for symptom relief,5,14,35.71,1.5,clinic-name,1-3
dr cho,5,11,45.45,2.82,clinic-name,1-3
dr ken homolya,5,11,45.45,5.36,clinic-name,4-10
jason genco,5,6,83.33,4.33,generic,4-10
pain tracker pdf,5,5,100.0,9.2,generic,4-10
precision pain management,4,3382,0.12,12.38,generic,11-20
eastern utah spine and pain,4,3374,0.12,5.29,city-state,4-10
ohsu comprehensive pain center,4,2531,0.16,14.77,clinic-name,11-20
curis pain and wellness,4,2102,0.19,6.69,clinic-name,4-10
comprehensive pain specialists,4,1901,0.21,25.33,clinic-name,21+
pain and spine consultants,4,1870,0.21,13.05,generic,11-20
advanced spine and pain,4,1839,0.22,11.49,generic,11-20
atlas pain and spine,4,1783,0.22,8.11,generic,4-10
premier spine and pain institute,4,1712,0.23,9.39,clinic-name,4-10
oceanfront pain management,4,1645,0.24,8.66,generic,4-10
verispine,4,1605,0.25,5.05,generic,4-10
dunes pain specialists,4,1575,0.25,6.64,clinic-name,4-10
pain specialist,4,1430,0.28,28.88,generic,21+
pain clinic silverdale,4,1429,0.28,10.44,clinic-name,11-20
centurion spine and pain,4,1383,0.29,9.01,generic,4-10
universal pain management,4,1264,0.32,13.31,generic,11-20
arkansas pain specialists,4,1208,0.33,15.38,city-state,11-20
pain management mountain home arkansas,4,1189,0.34,8.33,city-state,4-10
southwest pain center,4,1129,0.35,9.02,clinic-name,4-10
pain medicine near me,4,1031,0.39,19.03,near-me,11-20
chronic pain doctors near me,4,1018,0.39,22.03,near-me,21+
clearway pain management,4,972,0.41,6.86,generic,4-10
pain source solutions,4,961,0.42,6.11,generic,4-10
pain care centers,4,946,0.42,17.03,clinic-name,11-20
pain and spine clinic,4,888,0.45,16.32,clinic-name,11-20
southeast spine and pain associates,4,881,0.45,9.96,clinic-name,4-10
advocate pain management,4,879,0.46,39.72,generic,21+
restore health and pain treatment group,4,857,0.47,7.51,clinic-name,4-10
az pain doctors,4,850,0.47,38.06,city-state,21+
comprehensive pain and spine,4,757,0.53,8.39,generic,4-10
wenatchee pain clinic,4,735,0.54,5.22,clinic-name,4-10
bluffs pain management,4,705,0.57,7.85,generic,4-10
innovative pain and wellness,4,686,0.58,7.31,clinic-name,4-10
pain management laurel ms,4,665,0.6,13.74,city-state,11-20
apex spine and pain,4,664,0.6,6.03,generic,4-10
dr chen mobile al,4,645,0.62,8.08,city-state,4-10
brian nichols md,4,645,0.62,25.62,city-state,21+
pain clinic of spokane,4,638,0.63,15.06,clinic-name,11-20
pardee pain management,4,634,0.63,8.12,generic,4-10
stormont vail pain management,4,631,0.63,8.51,generic,4-10
pain clinic waterloo iowa,4,631,0.63,12.29,city-state,11-20
oregon pain center,4,607,0.66,44.41,city-state,21+
pain management russellville ar,4,598,0.67,9.4,city-state,4-10
pain management consultants,4,580,0.69,16.81,generic,11-20
national spine and pain center locations,4,572,0.7,10.92,clinic-name,11-20
mercy spine and pain management,4,558,0.72,10.36,generic,11-20
uofl pain management,4,489,0.82,9.34,generic,4-10
dr varma pain management,4,478,0.84,9.38,clinic-name,4-10
altru pain management,4,477,0.84,7.35,generic,4-10
dimensions pain management,4,470,0.85,13.32,generic,11-20
dr nok cartersville ga,4,466,0.86,6.09,city-state,4-10
west michigan interventional pain and spine,4,451,0.89,5.67,city-state,4-10
montana advanced pain and spine butte,4,447,0.89,3.94,city-state,4-10
columbus pain center,4,441,0.91,13.22,clinic-name,11-20
pain care clinic,4,440,0.91,45.47,clinic-name,21+
pain management muskogee,4,434,0.92,9.21,generic,4-10
pain clinics of central california visalia,4,432,0.93,7.87,city-state,4-10
presbyterian pain and spine clinic,4,429,0.93,8.5,clinic-name,4-10
water's edge pain clinic yakima,4,427,0.94,8.36,clinic-name,4-10
integrity pain consultants,4,426,0.94,8.96,generic,4-10
arizona pain scottsdale mountain view,4,423,0.95,4.81,city-state,4-10
coastal pain care,4,422,0.95,30.35,clinic-name,21+
dr danny silver,4,419,0.95,6.6,clinic-name,4-10
texas interventional pain institute,4,411,0.97,12.89,city-state,11-20
lake street pain relief center,4,403,0.99,5.01,clinic-name,4-10
miami valley pain center,4,402,1.0,6.8,clinic-name,4-10
solace pain management,4,400,1.0,8.76,generic,4-10
dr patrick oley,4,399,1.0,9.32,clinic-name,4-10
townsend smith,4,398,1.01,6.28,generic,4-10
pain clinic pittsfield ma,4,398,1.01,6.51,city-state,4-10
pain clinic corinth ms,4,385,1.04,9.73,city-state,4-10
dr nelson pain management,4,384,1.04,9.04,clinic-name,4-10
dr ajlouni,4,374,1.07,9.63,clinic-name,4-10
dr poston,4,370,1.08,5.46,clinic-name,4-10
chitra ramasubbu,4,364,1.1,7.99,generic,4-10
swedish pain services,4,362,1.1,7.42,generic,4-10
keystone pain consultants,4,357,1.12,8.65,generic,4-10
"knee pain centers of america: knee pain treatment in michigan | knee pain 
doctors michigan southfield",4,356,1.12,5.16,condition,4-10
dr knox pain management,4,356,1.12,9.69,clinic-name,4-10
regen doctors bethlehem pa,4,352,1.14,8.99,city-state,4-10
dr khan sanford maine,4,346,1.16,6.58,city-state,4-10
pain institute of central california,4,345,1.16,10.96,city-state,11-20
premier spine & pain institute,4,336,1.19,16.83,clinic-name,11-20
dr vish,4,332,1.2,8.39,clinic-name,4-10
danny silver,4,330,1.21,8.68,generic,4-10
trinity pain clinic,4,327,1.22,10.69,clinic-name,11-20
pain and spine specialists of ct,4,327,1.22,12.61,city-state,11-20
pain management prattville al,4,326,1.23,10.26,city-state,11-20
joel friedman maui,4,320,1.25,5.69,generic,4-10
grace point pain management maryville tn,4,311,1.29,7.46,city-state,4-10
southern pain institute,4,311,1.29,9.59,clinic-name,4-10
"dr. brian t. nichol, md",4,310,1.29,7.4,city-state,4-10
athens limestone pain center,4,307,1.3,4.73,clinic-name,4-10
franciscan pain management,4,305,1.31,10.19,generic,11-20
pain clinic lexington ky,4,299,1.34,41.78,city-state,21+
pain clinic columbus ohio,4,298,1.34,32.84,city-state,21+
integrated pain management elgin,4,297,1.35,3.82,generic,4-10
center for complex pain care reviews,4,290,1.38,10.4,clinic-name,11-20
mercy pain management doctors,4,290,1.38,15.87,generic,11-20
pain clinics cookeville tn,4,278,1.44,7.51,city-state,4-10
complex pain management,4,269,1.49,5.37,generic,4-10
pain relief center on dixie highway,4,268,1.49,6.84,clinic-name,4-10
dr el khatib,4,263,1.52,7.81,clinic-name,4-10
arizona pain | scottsdale mountain view,4,262,1.53,5.78,city-state,4-10
dr franiak,4,261,1.53,9.33,clinic-name,4-10
central valley pain management tulare,4,260,1.54,5.55,generic,4-10
adam wallace md,4,254,1.57,7.42,city-state,4-10
knee pain centers of america reviews,4,252,1.59,8.99,condition,4-10
vitruvian health ionia,4,251,1.59,4.16,clinic-name,4-10
dr tada,4,249,1.61,9.81,clinic-name,4-10
national spine and pain center richmond va,4,245,1.63,9.8,city-state,4-10
central valley pain management,4,242,1.65,10.32,generic,11-20
pain management associates wichita ks,4,240,1.67,10.89,city-state,11-20
waters edge pain clinic,4,238,1.68,7.66,clinic-name,4-10
regen doctors allentown,4,236,1.69,6.04,generic,4-10
nexus orthopedics,4,235,1.7,6.14,generic,4-10
allison gorski,4,234,1.71,11.11,generic,11-20
denver diagnostic pain,4,233,1.72,16.91,generic,11-20
carolina spine and pain anderson sc,4,232,1.72,6.02,city-state,4-10
premier spine and pain clinic,4,230,1.74,41.62,clinic-name,21+
"1330 oak lane suite 202 lynchburg, va 24503",4,228,1.75,4.22,city-state,4-10
skyline pain management,4,226,1.77,8.67,generic,4-10
neuragenex,4,225,1.78,8.48,generic,4-10
pain management cherry hill,4,225,1.78,35.66,generic,21+
reid pain management richmond indiana,4,217,1.84,5.23,city-state,4-10
optimal pain and wellness van buren arkansas,4,214,1.87,5.8,city-state,4-10
dr malinowski,4,212,1.89,6.29,clinic-name,4-10
dr wilson chang,4,212,1.89,10.27,clinic-name,11-20
cox pain management springfield mo,4,207,1.93,7.95,city-state,4-10
