id,title,city,state,phone,place_id
d3m2nwrec9ixnnjj7ne66xpi,Alabama Neurology,Alabaster,Alabama,+1 205-621-4799,ChIJna6J7tEliYgRH0tBEJmQmhA
l687o0zqecr1647ezy5gtn9j,"Eric Robinson, MD",Auburn,Alabama,+1 334-501-2005,ChIJAdu048jyjIgRLPX3rtAv7n4
ma4k55j87b1gi6fpv7j6gkz9,"Rachel Roberts, MD",Birmingham,Alabama,+1 205-723-0088,ChIJbzMKI0IbiYgR1CogMJFzzs0
ya48c3o4qnfgah6xlzpt5jfa,Pain Management Services,Birmingham,Alabama,+1 205-802-6565,ChIJibqwzZgZiYgRHa9aFXXW67c
bbxojg6jfcziszzreixoph4g,"Dr. Robert L. Lansden, MD",Birmingham,Alabama,+1 205-802-6565,ChIJibqwzZgZiYgRAGV74_FgzGM
mrfvjophrbmz1bt0so8wyhyk,UAB Pain Management Center,Birmingham,Alabama,+1 205-801-8250,ChIJ-9JzXMAbiYgRL50SmwQ9BdU
xmwy44sokz4nw10mksw4nas1,North Alabama Pain Center,Cullman,Alabama,+1 256-737-2235,ChIJtbwEYzXJiYgRp9TgSn5U8KI
t6eea5865xr8imo1ry6q5tbe,North Alabama Rehabilitation and Pain Specialist LLC,Decatur,Alabama,+1 256-353-0410,ChIJZWRU1gmEYogR80yNArF4S3g
zfukoc6wf1zawtfiy07871r5,"Jerry Marsella, MD",Dothan,Alabama,+1 334-944-7073,ChIJt5fCW6uNkogRy8mUzFEYsEk
t0zdvrn76yz49kbm6gkuut81,Lighthouse Pain Clinic,Hoover,Alabama,,ChIJs3gwFasjiYgRWDEOVOV7lpo
pzfgb5of202rrclyw8dz3z5o,Pain Management,Hoover,Alabama,+1 205-682-6056,ChIJBdjnqugiiYgRq9Ga9_Uh9Ro
ccxap595iqgo0bu7ifs9n0pb,James Thacker,Huntsville,Alabama,+1 256-885-1605,
grng6h56cx18uz8u5c114tv9,James Thacker,Huntsville,Alabama,+1 256-885-1605,ChIJ5ZedES4TYogR_FpoAJspCY4
gwfv5hta3pw41yfhp46jgm2k,Alabama Pain Clinic,Huntsville,Alabama,+1 256-265-6532,ChIJb5FfXKtsYogRHQTh3ei8Tl8
l3s6kgvjat48s66gz7rtijp4,Alabama Injury & Pain Clinic,Mobile,Alabama,+1 251-476-7246,ChIJrX2KkvFRmogRNtX-DdPm84A
myh782gbw4od8xrtucoohgep,The Center for Pain,Montgomery,Alabama,+1 334-288-7808,ChIJN8Ff1OKBjogREkPsD8om86g
yuy4virppf7vlhqxci3dojk2,Central Alabama Pain Management Center,Montgomery,Alabama,+1 334-264-3302,ChIJB9InP7uBjogRx7pqrBfPMH4
c01ih7407daeshhn9qbsyhh0,Southern Pain Control Center,Montgomery,Alabama,+1 334-396-6055,ChIJUxEHyAgsjIgRzN6eW-SPFyU
xot7i4kya0rn4yq0eliustxk,Complete Pain Care,Moody,Alabama,+1 205-640-0001,ChIJQZDgFhByiYgRqBr5MWZB7LQ
jg6q3mwwy95ydh8c3enony5n,Mangieri Eugene A MD,Northport,Alabama,+1 205-339-9000,ChIJTeXkCNIChogRBtVBRKqWRKI
fymw3kpcac7ecke8c5fmo84h,Pain Management Physicians,Opelika,Alabama,,ChIJf1yWftGSjIgRPlit4eUKoxE
f3t1ns25u00rtih9egizk5nd,Dr. Gaylyn Horne - Ballard M.D.,Pell City,Alabama,+1 205-405-7348,ChIJ3bzsLQZ9iYgRI54IcIZz3g8
k0llvanqt48ji92b7mqcp6kr,Aaron Shinkle,Prattville,Alabama,+1 334-288-2808,ChIJD5fqsPiPjogRcRe1PWa699Q
dabkiuyac0k19ejbz80pcwbm,Eastern Interventional Pain,Trussville,Alabama,+1 205-661-3627,ChIJqZPxEeMMiYgR7Jmgb75y0JQ
vrtow4pkvzjnc35s07q7fzvk,Frenette Luc MD,Trussville,Alabama,+1 205-508-5300,ChIJHYZXe3keiYgRVdkmcX6aekc
jiq0mtq3gwacltmur5nr78g5,Family & Pain Management Specialist,Trussville,Alabama,+1 205-661-3627,ChIJvT1RVYwMiYgR6XjKCtxybN4
cphjf28sxc8a4dntrctv04ao,West Al Pain Management LLC,Tuscaloosa,Alabama,+1 205-248-7199,ChIJQSIgoIQChogRmEjy0HRDoU0
cw559zgwdqmxx6jqxuzlcuy0,"Wesley L. Spruill, MD",Tuscaloosa,Alabama,+1 205-759-7246,ChIJGc3dHT-oiIgR9aY_LlMIu60
kdpssucxzhevn00sx77d01j0,"Dr. Larry A. Levine, MD",Anchorage,Alaska,+1 907-563-8876,ChIJK0z1XAKXyFYRWeGKn_PS4LE
nvar16s01o9dl00nvbmuzjuh,Comprehensive Pain Management,Anchorage,Alaska,+1 907-677-6900,ChIJrxcOJqmXyFYRIfHeXcQjprk
u3kjtnuy7ldhgknsmidvl3sq,Pain Clinic,Anchorage,Alaska,+1 907-276-4611,ChIJAQAAADyWyFYRPVPJCfZSNnA
jzdlcorr4y6efchcmmgnuw3d,"Greg Wilkinson, Interventional Pain Management",Anchorage,Alaska,+1 907-277-9700,ChIJhU_yuueXyFYR3wKB85zgqw0
lcj1t48yxjgqemdf1im72pqt,ReGEN Pain Solutions,Eagle River,Alaska,+1 907-622-1300,ChIJHbiJ027ryFYRHL1JfbuL9oU
im1u2f2jv9aq1yplzar1zxnv,Advanced Pain Center of Alaska: Stinson Lawrence MD,Fairbanks,Alaska,+1 907-374-6602,ChIJnTPmpGhFMlER9zWyEUJJZpE
eg3rjp8vdrl04o8f9m34jpvg,Advanced Pain Center of Alaska: Smith Peggy MD,Fairbanks,Alaska,+1 907-374-6602,ChIJi7E-sGhFMlER88y_T63K3LM
r1mmr0eki5knbd5sc6x295k5,Advanced Pain Center of Ak Inc,Wasilla,Alaska,,ChIJIcaLzGzeyFYRbmsEyGQ1tZc
theumjitja2ynkipog7ryz01,John Thomas Grissom,Wasilla,Alaska,+1 907-373-9460,ChIJwUlJaoHgyFYRQC0mY7dUCW4
g6uwjcxrl8m29oh0d41do5e0,Jaconette Andrew MD,Wasilla,Alaska,+1 907-677-6900,ChIJ3w6aQxTeyFYRQRrZLUDVP7E
vuq8zjwxwxvvqzeny7chov6t,Conway Pain Clinic,Conway,Arkansas,+1 501-358-6560,ChIJE4NWI_h9zYcRPvAtTyTu19k
b7qvfs6ph1svlrpabqpdlrqs,"Daniel Judkins, MD",Conway,Arkansas,+1 501-358-6791,ChIJF3KAXl2D0ocRyc95REiBZJs
gps0djh3ty4xm2uyws5tpb1a,"Optimal Pain And Wellness - Dr. Regina Thurman, Dr. Mary Frances Daut & Dr. Ornette Gaines",Fayetteville,Arkansas,+1 479-301-2565,ChIJ7_moYulryYcR2DFKHL5qC9I
fgub4s248htht7jf662jgaa9,Pain Clinic,Fayetteville,Arkansas,+1 479-301-2565,ChIJqYCEWelryYcRKi-bOXUzpzA
cp1ve5geaqzre6pb2oc9du3r,R C Goodman Institute For Pain,Fort Smith,Arkansas,+1 479-441-5475,ChIJUVKSz8FMyocR1-kU7Kam1dw
pfqd0evtlswl943jcal21qur,Aimee Widner,Heber Springs,Arkansas,+1 501-270-4116,ChIJH6bMYChG0ocRoxiTZMnVmyg
kp7b071u3cne5w5vo4hv9qmb,Ouachita Regional Pain Management,Hot Springs,Arkansas,+1 501-625-7246,ChIJwzHzzkPVMoYRTaH51TN7LjY
m4hghc85y8qckf8h5r4clqyk,"Dr. Ronald E. Harbut, MD",Hot Springs,Arkansas,,ChIJKa67hjLVMoYRbawirtMUO38
mn0rjkwm99og4oqlvghll6fk,Central Arkansas Pain Center,Hot Springs,Arkansas,,ChIJv7nqrqvUMoYRNuWb0nCxlKE
uprcnl7cjmmcv9nj6shnyxki,4 Corners Pain Relief Institute,Little Flock,Arkansas,+1 479-633-8742,ChIJVVXlkM8QyYcRCxPN389rolU
y8nwtw5m1iir5zthrat0xksp,Sunder Krishnan MD,Little Rock,Arkansas,+1 501-975-5005,ChIJIRI9R1yg0ocRS05-kVN2wVQ
gtyll9e2ug1xjn2zi6l60rj0,Ghaleb Ahmed H MD,Little Rock,Arkansas,+1 501-219-1114,ChIJ-ShahaGk0ocRfej9u-_9yPo
popiydy2j220zd2gyqea63we,Wrmc Pain Management Clinic,Mountain View,Arkansas,+1 870-262-6155,ChIJ-UFVzF4g0ocRmyJ-Nkjovgs
wy1hbxa1dfp7y7xzr786dxlg,Dr. Navdeep Dogra,Pine Bluff,Arkansas,+1 870-395-7323,ChIJWcklUvo8LYYRzZQACGy0oGc
qcn1fy3k3777mkvkznj79qa8,Institute of Interventional Pain Management,Russellville,Arkansas,+1 479-967-7770,ChIJBVVkcw1TzIcRq4nYhEQ1S6k
d9mj0nadretzmn9zhmfffe2r,"Arkansas Pain, Wound & Wellness Clinic",Russellville,Arkansas,+1 479-567-5467,ChIJScrM2-9TzIcRFF6V6tUeIG8
amajkf74ra3avbufhixwoub4,Dr. Ahmad Rafi,Russellville,Arkansas,+1 479-967-7770,ChIJAQD0Sr1TzIcR5Qu4t_sJWTU
rbggpe0sithske9js3pso4qe,Central Valley Pain Management,Bakersfield,California,+1 661-327-9300,ChIJrw8TWSFC6oARPEGvMtW3dSY
ahaxxat4fdpojtokkzyk256f,"Integrated Pain Management: Shawn Roofian, MD",Beverly Hills,California,+1 310-926-4922,ChIJ68CJRVG5woARCp0XKlLjWFA
z2tdjs5vpzc8wjkhbyfaw2gf,El Dorado Pain Management Center,El Dorado Hills,California,+1 530-672-1311,ChIJifLT9AnwmoAR0BVHdUwywUs
srui9kqladomvlif1lxn9dym,Fremont Pain Treatment Center,Fremont,California,+1 510-818-9237,ChIJsRkXGmHAj4ARgacq4zUCss4
ysmy4mp2w3g4lcwmmb0y1snr,Central Valley Pain Management,Fresno,California,+1 559-321-8510,ChIJb21vwi5dlIARqDX5cmj-uxw
mgehkccj6kh4atd55kpbova4,Lodi Pain Clinic,Lodi,California,+1 209-339-0300,ChIJt_qMUGygmoAROkceGGjroxM
z1hoizodu8u669cuc8tquv1v,H K Pain Management and Rebabilitation,Madera,California,+1 559-674-7054,ChIJ09UC9oALlIARk_SupL3HRPM
m7out7mnzgxpp1w7yokvvg33,Interventional Pain Center Merced,Merced,California,+1 209-724-0316,ChIJK0Wtb5NDkYARyJWLp6L9pQg
oajwg2ca9w1njtxe7mg0zvuc,Modesto Pain Medicine Inc,Modesto,California,+1 209-326-1300,ChIJx481BVRRkIARubwqLlZHR-8
o5u4zt7v3fj9y04suwsibg3g,Uc Davis Med Group Pain Management,Sacramento,California,+1 916-734-7246,ChIJQWgNAvXQmoARjfeDkD2jbsY
e2e4ehujni7cock8zns9yw20,Integrated Pain Treatment Center,Stockton,California,+1 209-207-0555,ChIJVXBKU822j4ARwYENNRmiAew
xvsvol4xstwqs09ouv23xrf1,Comprehensive Pain Management Center,Thousand Oaks,California,+1 805-557-7050,ChIJa2B6R6Q76IARNphzYDGL7ns
ttu86wa9h56xcciiibuwwh5h,Dr Magimbi,Tracy,California,+1 209-832-2095,ChIJvWlpz7U9kIARo1IjzwIWO_c
cfg2c81yxhc8pc8acrdo19ey,Central Valley Pain Management,Tulare,California,+1 559-684-7246,ChIJ5-IN1XUslYAR4XiW8ZYRpOw
noflsboazqtq9t7khg8bwwfc,Colorado Medical Pain Management Center,Colorado Springs,Colorado,+1 719-314-0507,ChIJt6wsG0FPE4cRoN9vtZ_5Dmc
q7jqp2ctqfueh0j0kpzcjhn6,Colorado Pain Relief of Colorado Springs,Colorado Springs,Colorado,+1 719-488-1315,ChIJ9bzp1N1FE4cRRWxPZN_hO08
fs3rpwg4o1b5vs14l0uqsaq7,"Dr. Stephen M. Ford, MD",Colorado Springs,Colorado,+1 719-579-9131,ChIJrbpvUX9PE4cRUKawvZ2QQws
kgsi937ytivpxoc7s8nyg3tt,Colorado Clinic,Colorado Springs,Colorado,+1 719-375-0435,ChIJSTZvImBFE4cR-dwJEr5qIvw
l6fcqkit73sydeihgu736t8x,Colorado Medical Pain Management,Colorado Springs,Colorado,+1 719-344-9666,ChIJq6qqqjpPE4cRch-0J5miSwU
fwppykzdjh76338nry1r4nv6,Front Range Pain Specialists,Colorado Springs,Colorado,+1 719-579-9131,ChIJQ7s6ZxhPE4cRxaBR5UHFbDg
bk235og2je55ck3h167mt4mo,Pain Management - Colorado Springs,Colorado Springs,Colorado,,ChIJGwT6wS5PE4cRnNH6HB3nt-c
qton3r1ew0zx9abhfkglo0b8,"Pain Management of the Rockies, PC",Colorado Springs,Colorado,+1 719-471-3372,ChIJ5yqtCGBFE4cRYXS2rz2oQ3U
fhicx1lb43oo9lex386ghebk,Denver Pain Management Associates - Dr. Erik Natkin,Denver,Colorado,+1 303-689-2300,ChIJ75q3avCGbIcRpK_bnNhM1d8
j7m8wmylcemjnqzbwmw89mmh,Colorado Pain Specialists,Denver,Colorado,+1 303-268-4040,ChIJNx7HeKKHbIcRpf2tmXd1oKA
ad8ur3j6m0ywk2yor3p9cwr4,Colorado Clinic Greeley,Greeley,Colorado,+1 970-221-9451,ChIJyeRMASukbocRwCNRv7Miph4
c08qacuejg0ckfc2ivzd12df,"Dr. Bradley D. Vilims, MD",Lakewood,Colorado,+1 303-268-4040,ChIJW9vBOt-Aa4cR9KeIhYyx5cI
yw4bpoqzvj9qqw94ysp292x4,Mountain Medical Injury & Pain Professionals,Lakewood,Colorado,+1 303-596-7122,ChIJgZ2lV8KAa4cRXRq6tj6RpOo
go4oormbwn9512d3togfq69k,Centura Pain Specialists Lone Tree,Lone Tree,Colorado,+1 303-715-7670,ChIJh5vZ83yFbIcRkcPZgQumLHY
bn4sxy0q2adw53hr8697l1qu,Colo Pain Management And Anes Consultants,Thornton,Colorado,+1 303-288-4694,ChIJ81VuxP92bIcR8XwrJQR8g2g
e1hiiix1mbo9lhje1q38ihg2,Advanced Pain Therapeutics,Wheat Ridge,Colorado,+1 303-463-6000,ChIJYzxAEFSGa4cRmgVB0xw9duM
n5sh183cnzqypri3avj3j133,Connecticut Spine & Pain Center,Bristol,Connecticut,+1 860-585-3040,ChIJs__Hvje654kRQdGlEZ0fd_Q
j5jt6k73wpgjrypy0x9dyfia,Connecticut Spine & Pain Center,Bristol,Connecticut,+1 860-585-3040,
u6ihn0xzneodbwj1jha608dq,"Jawad Rashid, MD Pain Medicine/Pain Management | Greenwich Hospital",Greenwich,Connecticut,+1 203-863-3579,
i3dcinvkjk6t8patg9bctptq,"Jawad Rashid, MD Pain Medicine/Pain Management | Greenwich Hospital",Greenwich,Connecticut,+1 203-863-3579,ChIJz0kLRNGZwokRtT3YkSOtduE
xr5a6ot3756uwioef7n2039d,Pain Interventional Neurology (PAIN) Clinic,Hartford,Connecticut,+1 860-714-9953,ChIJg1OUWTYN54kRjuT0a00HjZA
uiy9x32x15em9y4mv3n68guo,Pain Interventional Neurology (PAIN) Clinic,Hartford,Connecticut,+1 860-714-9953,
rzxpie4ltculjdzrizz8toqp,Pain & Spine Specialists of CT,Middlebury,Connecticut,+1 203-743-7346,ChIJdXucqjH_54kREwUONxWmerA
fcr046yxhagb5fu7uyul0xsx,Pain & Spine Specialists of CT,Middlebury,Connecticut,+1 203-743-7346,
rkhxgry2pj94djada8c36upm,Eastern Ct Pain,Norwich,Connecticut,+1 860-885-0333,
xiv4xyb1je8icznobvyvdgak,"Dr. John J. Paggioli, MD",Norwich,Connecticut,+1 860-885-0333,
c65sh10ismz0nwi1fiep3w2k,"Dr. John J. Paggioli, MD",Norwich,Connecticut,+1 860-885-0333,ChIJQ4uujbpx5okRV_hyV8jZPVY
o7o8d2v7bhsvusuo05g87u5b,Eastern Ct Pain,Norwich,Connecticut,+1 860-885-0333,ChIJKfWujbpx5okRHH-OmZOnpz0
k8q8pzqgvtu5k1399mgff9k5,Farid Ashraf MD,Putnam,Connecticut,+1 860-928-7793,
gffqlv4q3kfml1f6qqt92h9a,Farid Ashraf MD,Putnam,Connecticut,+1 860-928-7793,ChIJzYcVXLEn5IkRtZxdhrOHZkA
qcfwya2aojlagivsaaz02yqx,"Dr. Perry M. Perretz, DO",Redding,Connecticut,+1 203-544-9090,ChIJZSI2ViAC6IkR5BWZIrdtnyQ
jyafnf5ubvs243ax1si6lrx1,"Dr. Yuting X. Xiong, MD",Stamford,Connecticut,+1 203-324-2128,ChIJdf7lQumhwokR7lZ8xQ6EFnc
mzh1z9444xcesf3vxqm4p2oe,"Dr. Yuting X. Xiong, MD",Stamford,Connecticut,+1 203-324-2128,
iwu698z0rmgk4ynxd6aovn66,"Dr. Isaac C. Cohen, MD",Trumbull,Connecticut,+1 203-268-2882,
smhoj9muz969ofg19m3zaho7,"Dr. Isaac C. Cohen, MD",Trumbull,Connecticut,+1 203-268-2882,ChIJ_T4xpEQJ6IkRTeoYBsYNApE
g573zsb70bsv9l9t0qfbjkco,Connecticut Pain Care,Trumbull,Connecticut,+1 203-373-7330,
q8cxyv90m6416zlxrl4g00ip,Connecticut Pain Care,Trumbull,Connecticut,+1 203-373-7330,ChIJy725dzAP6IkRsvdplsMl5k0
m7zg9qwdo2mmfrceqs4urxdi,PCA Pain Care Center,Wallingford,Connecticut,+1 203-626-5550,ChIJIZn2uVXJ54kRa-Tjx-PWViI
m41tj7qdf25p65exojlc0ena,PCA Pain Care Center,Wallingford,Connecticut,+1 203-626-5550,
u3akeb21iczyhjb8geluvfxy,Spine And Pain Specialists,Waterbury,Connecticut,,
myjwfpxx53gagxixgs1n2j5q,DAVID C LEVI,Waterbury,Connecticut,+1 203-758-2523,ChIJg0xd18fB54kRX4jfxe8aHqw
bvjmo0aal9fw0bu65wj80ols,DAVID C LEVI,Waterbury,Connecticut,+1 203-758-2523,
ehrsyjqc9uhmtymw0711jpyv,Spine And Pain Specialists,Waterbury,Connecticut,,ChIJd0o3IBnB54kRIdNKhwHaiVc
cxng83whkm6tlrwv654ek39v,"Dr. Annette K. Macannuco-Winslow, MD",West Hartford,Connecticut,+1 860-696-2840,
zv21646b7tos4y82gj621dz4,Kost Jonathan A MD,West Hartford,Connecticut,+1 860-696-2840,
ial9iosqhg4sovk52ptpfqbe,"Dr. Annette K. Macannuco-Winslow, MD",West Hartford,Connecticut,+1 860-696-2840,ChIJP3BZbeys54kR0oKtiD_q3iI
c2mj5whdrfv20g5cl36qkjr7,Kost Jonathan A MD,West Hartford,Connecticut,+1 860-696-2840,ChIJP3BZbeys54kR34-OX7XvNCM
i2h6y16w3qwa0vv2kir89xod,Delaware Institute of Pain Med,Camden,Delaware,+1 302-698-3994,ChIJrQbUDh99x4kRS7X3oXOpIgI
e2m6y0kdhs0ftk74snd0pb61,Regional Medical Associates,Dover,Delaware,+1 302-741-0111,ChIJYy6ChaZ8x4kRmo3TA1wAUqo
yla7xec3itzv0bdhbcaigfzo,Delaware Institute-Pain Management,Hockessin,Delaware,+1 302-635-7548,ChIJCxyO-nT_xokR7w6yHwIPItw
rk7oz292v0zn9rs096scxqox,Mehdi Mohammad MD,Lewes,Delaware,+1 302-644-2160,ChIJQ0YD_sm5uIkRW88Gsf0aXZM
m8b3mg7oux8f4if8gqxhr2g6,Pain Management & Rehab,Lewes,Delaware,+1 302-628-9100,ChIJV7-x8Nq5uIkRLztaxlEks2s
zyx1j2yiaiz3mupu1e8ei9dc,Compassionate Pain Management LLC,Lewes,Delaware,,ChIJ7-Ho-tq5uIkRMbrnrvoVWZI
ttqa6354ji97ifdba44ns4zg,Coastal Pain Care Physicians,Lewes,Delaware,+1 302-645-2664,ChIJhdcIdNC5uIkR2Ag0NUbZouU
ffkzxvwrxerhr7v7hzuzf814,Eastern Physical Medicine and Wellness Center,Milford,Delaware,+1 302-503-3186,ChIJG-r1HTObuIkReI-sB-Wz20g
dhc6xypzj8icbmdyhcomqbez,"Dr. Damon D. Cary, DO",Newark,Delaware,+1 302-838-5600,ChIJyQPcPG-ox4kRTORHixHUliY
z46xcnlvmlj2iw6fampwqk5l,Living Pain Free,Newark,Delaware,+1 302-498-9234,ChIJy_Akeqqrx4kR0HFvCaTbMsA
i8pvf8x6ohv0x9mz64xmnkko,YONG I PARK,Newark,Delaware,+1 302-623-0200,ChIJKffaSuEAx4kRNatu_Av-17g
fozyy6upcriv1qnrvf8h0irw,"Dr. Philip S. Kim, MD",Newark,Delaware,+1 302-477-1706,ChIJ28_8wwz9xokRAPGHAuHDhcQ
f0gkieb4ggbrnnhrtn6fc8fq,Anesthesiology Pain Management,Newark,Delaware,+1 302-235-8074,ChIJyYU47cOpx4kR3PMbdyG99WY
q2wd9h74t4mblnrnvohwotvg,Xing Selina MD,Newark,Delaware,+1 302-384-7439,ChIJ7y5uSqEBx4kRwREfI4voux8
o1zo7tibqux38cxintbkao65,Delmarva Spine & Pain,Ocean View,Delaware,+1 240-616-6006,ChIJ18UD5t7PuIkR3uuyOrkkF44
goobl2a8zpsu3ue0awrp3le1,"Dr. Ganesh R. Balu, MD",Seaford,Delaware,+1 302-628-9100,ChIJ1UQbj3LxuIkRTH3GAmicAq4
fj2yixx1vji0egkgcdzmha3u,Dutkewych George N MD,Wilmington,Delaware,+1 302-777-5473,ChIJsRjREhD9xokR-vvlqIFe5pE
ejupcwfz37xoq7l6bodyfcfx,Dr. Damon D. Cary,Wilmington,Delaware,+1 302-778-1199,ChIJFd-iXHX9xokRrqlHoellM7I
tubqadhhh2u04uso4wm7gs13,"Dr. Jason H. Brajer, MD",Wilmington,Delaware,+1 302-636-0920,ChIJ4eDSu70Bx4kR1kGcx6GyMJs
jjr7gaf8gwki98llmx0a6lec,Interventional Spine Pain,Wilmington,Delaware,,ChIJu53vAln7xokRkiXgOMQMP2M
vzzrfqrh6oxnpl0muwcr91i8,Brandywine Pain Management Inc,Wilmington,Delaware,+1 302-998-2585,ChIJSzVYBMYBx4kR8MB4fnQJD2Y
uq54vv19xjjy6ki7mshnoi45,Dr. Uday Uthaman,Wilmington,Delaware,+1 302-737-0800,ChIJAcVeksgBx4kRgjzGTGc4GTU
vaf9wxf5x600dn3xspkak8cu,Wilmington Pain And Rehabilitation Center,Wilmington,Delaware,+1 302-575-1776,ChIJ21ITJxT9xokRoVTVE8McU24
xu0a5335tof0ihqq7yptmzeg,"Brandywine Pain Management Inc: Pramod Yadhati, MD Emmanuel Devotta, MD",Wilmington,Delaware,+1 302-998-2585,ChIJSzVYBMYBx4kRsattZJLf9j8
al9f1twcg9cchhlfmc147i1i,Delaware Chronic Pain Management and Detox Center,Wilmington,Delaware,+1 302-777-5473,ChIJtXNpEtMQcEAR1ckg6GQMtM8
n7y5awzspwpcs4kq9vsx7s49,South FL Pain Relief Centers - Kendall,Miami,Florida,+1 786-507-4685,ChIJAQfMqhHH2YgRMzfzZlJsVPQ
cl82jnewa5gvawy64aoa7c5g,Florida Anesthesiology & Pain Clinic,Miami Gardens,Florida,+1 407-720-3801,ChIJbRX867Cv2YgRFcLipPQHS6w
usyd0w5nd2vpjprkuxvh5v6n,South Florida Pain Management Clinic,Tamarac,Florida,+1 954-718-2230,ChIJgVBT7b0F2YgRzFec5q2FONw
vv5qrlm3uh67qd98rsk70afb,Pain Diagnostic & Management Center,Winter Haven,Florida,+1 863-679-9494,ChIJm1i9b-kS3YgR1Cnr1tgxH-E
vgl9izh16subusbj5j48xtkr,Premier Chronic Pain Care,Atlanta,Georgia,+1 404-523-0111,ChIJSw2JThIE9YgRgv08G_kOzAw
ldfj4tz1lznj7uobs5f2namz,Royal Pain Center,Augusta,Georgia,+1 706-855-2767,ChIJZSD6n__S-YgRBnboqjr6dWI
xndynwwbnfln69jvd7zjiuif,Centers For Pain Management,Cordele,Georgia,+1 229-239-0950,ChIJZ9LjnyA78ogRZAeLudP9AWo
ivxyx3ej5ier6q35cd9a7pif,Atlanta Pain Clinic,Morrow,Georgia,+1 770-960-6030,ChIJo0ZGA0r59IgR03U9pYtY2bo
zo6zssdd6d85vb2yr4z7m6jv,Georgia Pain and Spine Care,Newnan,Georgia,+1 770-252-7557,ChIJpWCuH47G9IgRWJYi3-g6MtM
exwi9axawcbk71ftn2idqiay,Interventional Pain and Wellness Institute,Peachtree City,Georgia,+1 770-542-7636,ChIJ0Tt59YHp9IgRXKyl7o16IO8
v5bjcu413nb1vuo3rce7d8p0,The Pain Specialists,Stockbridge,Georgia,+1 470-207-9244,ChIJLY61iaBX9IgRhn3rCcR1ER4
t8vy31dllpobg1i7hc2ljsp8,Suwanee Pain Management Center Inc,Suwanee,Georgia,+1 770-831-1933,ChIJtR49Ew6X9YgRvPEli5IMabY
mofg69dnm6pr3yoj0iystgp5,Honolulu Pain Management Clinic,Aiea,Hawaii,+1 808-484-1929,ChIJlXkrOUpvAHwRICAl6J_R06o
d03mk89nwr9tsjwcl2gjtuhk,Dr.Tada,Honolulu,Hawaii,+1 808-528-3657,ChIJ5_DDb7BvAHwRGpOi2b8z6kU
ki6d0y4g5qikogma58vpjzj3,Hana Pono Clinic Pain & Wellness,Honolulu,Hawaii,+1 808-537-6688,ChIJndOJXultAHwRGwnU4-hnxnI
zkvkzid2axrgms8esqxjfiub,Dr garcia institute of pain management,Honolulu,Hawaii,,ChIJ4wfnXultAHwRwSGUtVOng6w
q38kd79uz9kzavf4oyfat1x9,Dr. Taylor Pain Relief,Kailua,Hawaii,+1 808-261-7246,ChIJTX4LS-IVAHwRL7JMai027Lc
xhvo2sw0qg9cqxzgzl64v4d9,Premier Medical Group Hawaii - Interdiscinplinary Pain Program,Kaneohe,Hawaii,+1 808-247-9408,ChIJt49iZvtrAHwRmnpBWoZ0CNY
sj30iddrx2jzot6ok09jxs2i,Hawaii Pain Medicine,Kealakekua,Hawaii,+1 808-322-6692,ChIJnwmtkusGVHkRBIkwuhGfe2k
joan59oo7stsdjgv2b3kz6c9,Friedman Joel MD,Kula,Hawaii,+1 808-878-3545,ChIJS4SdnDfJVHkR60k-W82cZlg
zv4lx3zltj1ncrwhq147zrkr,Mililani Pain Center,Mililani,Hawaii,+1 808-427-6637,ChIJiy-hg0lnAHwRsE5xSIGMoMg
o43j3m93kar2qw3ff22hjcfc,Pain Management - Waianae,Waianae,Hawaii,+1 808-697-3700,ChIJl_WLyQeLAHwRHhUzh0KLGkU
ep98qonz0q5w1hhfw13z36t5,Kai Pain Center of Waipahu,Waipahu,Hawaii,+1 808-342-6305,ChIJNa0Yvx5lAHwRcPwO8WlUQ8E
o9brg7f4ksvap1s8m8s9ms7k,Advanced Pain Management of Elwood,Elwood,IN,+1 765-557-8569,
ko6szigqms17l9hmppe0cbk6,Center For Chronic Pain Management,Boise,Idaho,+1 208-562-7408,ChIJB9KgzHFWrlQRM1pADYKbC6Y
ev5b4sfxuenq79k9rf5v93cm,Restored Horizons Pain Management,Coeur d'Alene,Idaho,+1 208-819-7103,ChIJ85JIsDnBYVMR8BCTXPHpr-4
nhndycm6zc9jweufysfw213u,America Health Pain & Regeneration,Idaho Falls,Idaho,+1 208-538-1999,ChIJVVWZlc9eVFMREqJ2Cn6iQqQ
bnbm2scdyrghadxk1x800p3c,"Melanie Wood, MD",Idaho Falls,Idaho,+1 208-524-9400,ChIJgVPndSNfVFMR2ecJxmyWA6s
um49ptvw2k4a2b12g9ed5lcm,"Karl Zarse, MD",Meridian,Idaho,+1 208-672-4640,ChIJOfRmv7VWrlQRR1188pH3La8
q590t6v960x3xhkzzxm2537c,Teton Spine and Sports Pain Center,Pocatello,Idaho,+1 208-234-2345,ChIJ05IyTzpPVVMR4IJGJqx7QHA
tmcd8xzq1g3sh3ln922yn0mr,Aurora Pain Clinic,Aurora,Illinois,+1 630-966-9999,ChIJCcoOVCrlDogR56_W0ePuoNk
grybw0d4298wmiivchyv8ly5,Fox Valley Pain Center,Elgin,Illinois,+1 847-888-4432,ChIJHwL-txEQD4gRKHeipWsMmrc
hb8oc0w0t7k5txfnxr36by84,Advanced Pain Specialists,Frankfort,Illinois,+1 815-806-0400,ChIJNZ2NJbQUDogRwPA9_8ApEsM
apddp7hqsxk43kh3gwq03tpe,Pain Treatment Centers of Illinois,New Lenox,Illinois,+1 708-460-9000,ChIJDw5smFhoDogRSAShoTBjjUE
ovvk9n620b2ytan1ozv6dx9c,Pain Treatment Centers Of Illinois,Oak Lawn,Illinois,+1 708-499-2210,ChIJZev7yWA6DogRfZvz9SOfYSM
ifm3h7dli7tclh8z3pi56tyy,Methodist Pain Management Center,Peoria,Illinois,+1 309-672-5950,ChIJxfEJQnJZCogRLAknvpLgs0w
n5rldh8umhbeyrah1vqyhsvl,TLC Pain Management,Rolling Meadows,Illinois,+1 847-359-9437,ChIJUYDx6TSlD4gRXXPTfzaKWIQ
drram1o95jutwhmc7sd8fd0q,Advanced Pain Management of Elwood,Anderson,Indiana,+1 765-641-2387,ChIJvfebkLPeFIgR2suTMBxhoBY
yixq3bn17h13wbiccylyqyo0,Franciscan St. Margaret Health Pain Center,Dyer,Indiana,,ChIJIeqAbOnjEYgR7dzojFum3wA
xlv0skj67csnvtvvsmp6a6wd,Advanced Pain Management of Elwood,Elwood,Indiana,+1 765-557-8569,ChIJ5QKjPwHpFIgRlPAAi3SZXl8
k811gykrih54q27u8rbunuy6,"Apollo Pain Center, LLC",Frankfort,Indiana,,ChIJgXa-JPNrE4gRm30z866_13E
tzbe33p771xx5hjko36tjf65,Greenwood Pain Management,Greenwood,Indiana,+1 317-884-4400,ChIJaYjDvsFda4gRWCjET1-1uiM
gtjx2pvme2sdjgdk5yuqjci9,Pain Management Solutions,Greenwood,Indiana,+1 317-346-7246,ChIJSb1ePGFda4gRZhRX4agiwAw
xq5dky9hz3870ouf15h4gscs,Shukla Chetan Dr,Indianapolis,Indiana,+1 317-876-5197,ChIJLe54rdBQa4gRcWuskI6u8yc
kz1wlend0hjn9xf5n5wq0py1,"IC Pain Solutions, PC",Indianapolis,Indiana,+1 317-781-0067,ChIJEyKab4lba4gR6K9th0hTXMw
yvrk6b49jtd9dl3ggxt3khax,Center for Pain Management,Jasper,Indiana,+1 812-437-7246,ChIJdQPaHFRjbogRVvINHDnuMpw
vddbhn4ny3ych345xxx15xe0,Pain Care Center,Lafayette,Indiana,+1 765-807-7988,ChIJhQEFXJccE4gRZ-Il4tXvOJk
eby233uv0ycigfe5zb2f74th,Northwest indiana occupational pain and wellness,Merrillville,Indiana,+1 219-756-7246,ChIJnchp0-juEYgRhdCMwh8i5dw
ev8hbdtk9r4zr721vgwwx3r0,"Pain Management Group, LLC: Ajit Pai, M.D.",Mishawaka,Indiana,+1 574-251-0498,ChIJU7JyO43NFogRRE38hvn1GfI
j86bp3ui079xeq276pptu2y3,"Dr. Vishwajit M. Brahmbhatt, MD",Richmond,Indiana,+1 765-983-3410,ChIJy78uDZwAQIgRtTPl7BqiyN0
pf843zdnafvcp627yoowoca3,"Dr. Mark D. Kline, MD",Cedar Rapids,Iowa,+1 319-743-7300,ChIJ1QApyjf35IcRC3BoX-kcLLk
psrrlwpf3btvf40k26iygixy,"Dr. Daniel Moyse, MD",Clive,Iowa,+1 515-245-6425,ChIJQ3ftoQmZ7ocRAINruxY__kw
q4v154729uakikcj6agpvebe,"Daniel Moyse, MD",Des Moines,Iowa,+1 515-247-3150,ChIJqRQD3FqZ7ocRcoFrBVyvayQ
rbfo3zi3jq1sp2jponrtb5a0,Iowa Health Pain Management,Des Moines,Iowa,,ChIJ75iqRLyZ7ocRxRsJp8ZQ73Y
g8ywglh8dk9wazyayaaf6xf0,Mercy Center For Pain Medicine: Biggerstaff Matt MD,Des Moines,Iowa,+1 515-247-3150,ChIJgcOcIQqZ7ocRcpfcjFiNVAQ
asuubq3naeiqhjwnyu2p6d9p,"Clay E Ransdell, DO",Des Moines,Iowa,+1 515-261-7246,ChIJRz4yKBkh7IcR1NgejCdLJX4
s50avtzbse6m6wi7k2rbqme7,Anesthesia Pain Clinic,Iowa City,Iowa,+1 319-356-2320,ChIJITxlnZBB5IcRhlqZWFcc5vM
odcmgksoitr652ab6qzj5r0u,Northern Iowa Pain Management,Waterloo,Iowa,+1 319-272-3323,ChIJSRndB81T5YcRTtp0thq0YKc
o0dmz43eyc1lxmq6j1mwh1ha,Center For Pain Medicine,Waterloo,Iowa,+1 319-833-5810,ChIJZYr6fHNU5YcRY4DZ7JCLw_Q
obm66517k4h2xj08u3ta6zk3,"Mauricio Acebey, MD",West Des Moines,Iowa,+1 515-585-3825,ChIJpd9opvMh7IcR_XM0gmR-__I
hko66ah8m6s6e6ynu75noamx,Munawar Siddiqi,London,KY,+1 859-224-9989,
umbqgy6nrwto275tlfdr3xhc,"Holistic Pain Management - Ellsworth, KS",Ellsworth,Kansas,+1 800-928-6040,ChIJO3mbsmcVo4cRXWUE5-mNDVM
rvhfnvtnnu9p2ztjdqpoesx7,Khan Talal W MD,Kansas City,Kansas,+1 913-588-5000,ChIJc-0WAy_uwIcRlFQ75oJSZVM
cwp99cwo2jvsgk9z4x46mvgj,"Holistic Pain Management - La Crosse, KS",La Crosse,Kansas,+1 785-222-2564,ChIJwfBB-0ZboYcRv7gK3JtUfFw
vkxd4jdbfhgbots98bf081qb,"Dr. Michael D. Lange, MD",Lawrence,Kansas,+1 785-842-7026,ChIJr-TxmBRvv4cRZ6qWEJpDnO4
c5sdngwriofto16moeu9j5qw,"Steven Robert Peloquin, MD",Manhattan,Kansas,+1 785-320-6700,ChIJ-5jSD77NvYcR1O4mV9D8MuM
wkf6bidlqrs7xdqq9hxcxcdq,Pain Clinic,Overland Park,Kansas,,ChIJq4mRHc7BwIcRaDt8oLtAyRc
gwakwd4axn7lrha3am3gucec,"Dr. Daniel R. Kloster, MD",Overland Park,Kansas,+1 913-498-6124,ChIJqcDxhybpwIcRJJ05v0HlpD0
x9dwwilnxnaicerymr9zmgmh,Midwest Pain Recovery Centers,Overland Park,Kansas,+1 913-217-7244,ChIJuyIfnYjrwIcRmH7Sv0kTs1E
e6m1491bmktafen0s1cvqj2k,pain management,Overland Park,Kansas,+1 913-347-5020,ChIJZwXsv1fqwIcRcV2dZIJNKqM
m15h9z8j2da3eygrcapjix8u,Dr. Roger Misasi,Pittsburg,Kansas,+1 620-308-7251,ChIJAQBwgF7Cx4cRKEoB69eYjEc
fldzpadqipj8j7t98fuyqff0,Prairie Star Functional Health and Neuropathy Pain Relief,Shawnee,Kansas,,ChIJzzUTeQORwIcRh5O3JIprBpA
gs2x93ufwhw63m4c5ec4ye92,"Amanda L. Colgan, MD",Topeka,Kansas,+1 785-235-3451,ChIJwcEyf_cCv4cROCWqQsAR9b0
nmrg65frt2c85tu7eeqibg91,"Justin M. Anderson, MD",Topeka,Kansas,+1 785-270-0070,ChIJJ1IlE4EDv4cRBEfUL2SWqBw
d6iktp7cwcloub5upd9pca5v,"Rodney Jones, M.D.",Wichita,Kansas,+1 316-733-9393,ChIJn61Rug_juocRkbqt9Rsu76M
b5zmlfo5wnrartnzdgu3p7lu,Kansas Pain Specialists,Wichita,Kansas,+1 316-686-1564,ChIJOW57her8uocRX4UNpnDmraQ
x1yu00sfnzinm9vdkgzgt7tk,Kansas Pain Specialists: Kirsch Mark A MD,Wichita,Kansas,+1 316-686-1564,ChIJOW57her8uocRgqVRA3CkQ2E
ztj7kml6gz9msmo109sxuarr,May Pain Institute,Corbin,Kentucky,+1 606-258-8185,ChIJyfTzSkggXYgRKfkdfRA3Mm0
hpgmyqo37hi7mehir0jr760b,Interventional Pain Specialists,Crestview Hills,Kentucky,+1 859-957-0700,ChIJn-2WOSu4QYgRH5uEUWm3o5I
xw8lcermhnup20p3yzqamboy,Danville Interventional Pain,Danville,Kentucky,+1 859-236-0606,ChIJu4nFZH-aQogRUn_FlsVBFIA
c96mcrtvl33rl0oef3wdjoaz,Kentucky Pain Management Services,Hazard,Kentucky,+1 606-487-0776,ChIJregDLXXIRIgR0HRsZNRHobI
ouavke68v1idv26915i2fyer,"Advanced Pain Medicine, PSC",Lexington,Kentucky,,ChIJpT_WhR1QQogRW_BxMY-QemM
c1wdoek561fqmtsbd579injh,"CSAR, PLLC, Dr. Oliver C. James, MD",Lexington,Kentucky,+1 859-264-1815,ChIJ_____6BaQogRCmHlL5juoP4
yklruriblfyxl0aroyyhugmt,Saint Joseph Pain Management,Lexington,Kentucky,+1 859-313-2212,ChIJ6x2Or1lDQogRuELRkYj7Qz4
flbd3xv74yo0vlovwagdrox7,Pain Management Medicine,Lexington,Kentucky,+1 859-275-4878,ChIJqVx9b1pDQogRlWdbmlP-Pys
pgxvmgiksz6ssiuefsnltr1u,Munawar Siddiqi,London,Kentucky,+1 859-224-9989,ChIJKQxwomrNXIgR5ip3k0I02oE
mraoc82vu1pl77w9om8mjrue,"Dr. Lawrence H. Peters, MD",Louisville,Kentucky,+1 502-366-0970,ChIJmUovqjgSaYgRT0PZJhaV_DQ
vhb2wy7ufmmvufbw0hmrpuut,"Bluegrass Bone & Joint, LLC",Louisville,Kentucky,+1 502-775-1511,ChIJq2Rzm44TaYgRZKk2ftVgZOM
w5jqn0qjnghpz0on7npeeeme,Pain Management Consultants,Louisville,Kentucky,+1 502-635-2775,ChIJbyMDmicNaYgRzkdAYlaNTtU
udagg9qqrtueq0flzg7c45k8,"Dr. Jeffrey W. Berg, MD",Louisville,Kentucky,+1 502-635-2775,ChIJbyMDmicNaYgRHFF6INIRloQ
qa4xphm5jqkizq9j2xk6k3ac,Pain Management Center-Audubon,Louisville,Kentucky,+1 502-636-7660,ChIJE03UFuEMaYgROiQnGOhyH6g
hcbxxoni0yy7lyeib7dd6gnf,"Pain Management Centers of America - Owensboro, KY",Owensboro,Kentucky,+1 270-684-5679,ChIJ1XkGDUqlb4gRz9OPULw3T3Q
lb8u0q3ehx6y5tsd1pzlkc8k,"Riley Love, MD",Paducah,Kentucky,+1 270-554-8373,ChIJjTx0MxMaeogRtxo7Jv4qVqg
lhgxzfix7tw53o5vq5t4t9ml,"Yogesh B. Malla, MD",Paducah,Kentucky,+1 270-554-8373,ChIJq5IErfAbeogR1IOmWVwqjl8
swmvgxl070p6hrgr0hbbg6cz,Eastern Kentucky Pain Management Center,Richmond,Kentucky,+1 859-626-7755,ChIJ3Xxd_Yf-QogRNbf1RaajXyA
q39xptn4oy9gg7078cjtrag1,Kramm Paul C MD,Baton Rouge,Louisiana,+1 225-757-5657,ChIJjU6P84m7JoYRvYTZIPitajE
jfdy5d8vhn1uxa84et3vx91v,Patel Samir K MD,Baton Rouge,Louisiana,+1 225-768-2475,ChIJVUBz2JLDyIARlt_5aB1adW4
ikwx89pdkj8r06nioxt4nzyp,Pain Management Dr Flag,Denham Springs,Louisiana,,ChIJZXS4efq-JoYRyF6o-pTT9pk
bhyk6w5wgiwgav9e3ifr5c7z,Advanced Pain Institute,Denham Springs,Louisiana,,ChIJqxNy0lu-JoYRXI8l-AGBqfg
mvr8e6ym8kdhd7juiyrf887s,Louisiana Specialty Institute,Lafayette,Louisiana,+1 337-233-8887,ChIJ_3MCSYqcJIYRa9j6kritcT8
xwk356oax5fjb5drog3idnbr,Urgent Care of Lafayette,Lafayette,Louisiana,+1 337-237-5781,ChIJR0D4K1icJIYROyxBfVYvusA
ts1hems8v70lwuvkiglype44,Gulf Coast Pain Institute: Lew Christopher MD,Lake Charles,Louisiana,+1 337-502-5196,ChIJrYMxgCSGO4YRW1MSKjmOLRo
n36snhgz6k9478qw5dlwrefa,Dennis Mark S Dr,Mandeville,Louisiana,+1 985-727-7275,ChIJ-Uv8MjNaJ4YRezDSU1iYHis
rkuj1tka8pgjmvhfyeqrxw4t,"Southern Pain Center, LLC",Mandeville,Louisiana,+1 985-727-7275,ChIJ-Uv8MjNaJ4YRMv2e_Jg_B6A
k6wwo6714hkyfh77orz2clgc,Pain Management Clinic,Shreveport,Louisiana,+1 318-752-7960,ChIJEVaEEivTNoYRGlMNSBrzQuc
krvaw78zbpzlvh7ae9652vlx,Louisiana Pain Physicians,Shreveport,Louisiana,+1 318-861-7246,ChIJSzq-GMksMYYRX4vltd9u5wY
m8oyqkhslfbeymh8565x8wdk,"Dr. Kathleen K. Majors, MD",Shreveport,Louisiana,+1 318-629-5505,ChIJY-Z7fUzNNoYRFxa7xjue30I
j0yae4dtag63qwzdc4n5ef5x,"Dr. Narinder Gupta, MD",Terrytown,Louisiana,+1 504-362-7246,ChIJ6WUYsQOnIIYRrNm3TFj-bxw
s34nsbpatf3wgyjtdb53g6x2,Dr. Jerry Lin,Augusta,Maine,+1 207-624-4800,ChIJ__8_sUkCskwRwltMgwASJEY
huavl9i11idntdc821b8ghkd,Dr. Jerry Lin,Augusta,Maine,+1 207-624-4800,
th5k4r8psh43y2cayzztvmqn,Eric Wise,Bangor,Maine,+1 207-942-6226,ChIJVVVBUhe1r0wRax4YJi08fGA
pu9fl1kyowni3im86gqdn9s9,"Joyce E. Niles, NP",Bangor,Maine,+1 207-942-6226,ChIJaXxHShe1r0wRng5Bgn9NEoU
be553s2sfsd5q4j0hwkasao4,"Joyce E. Niles, NP",Bangor,Maine,+1 207-942-6226,
h819nxh5o0gq9oaid0prfmb5,Eric Wise,Bangor,Maine,+1 207-942-6226,
pzv5ehnfc46rq3szyipo3bmp,Jonathan Herland Dsc MD PA - Interventional Pain Management,Caribou,Maine,+1 207-498-1394,
g051yrnklnupjecnt4q4xcl6,Jonathan Herland Dsc MD PA - Interventional Pain Management,Caribou,Maine,+1 207-498-1394,ChIJQ3ryoVu4vEwRYa5fa7YxRHU
txjwr69wqdfa3eptz735c9vx,Goodall Pain Management Center,Kennebunk,Maine,+1 207-490-7932,ChIJ2RBaidqtskwRbjOlydw-698
cl12xezcgouqfvdolw66t2tv,Goodall Pain Management Center,Kennebunk,Maine,+1 207-490-7932,
rwhhc5jjy47dqluzsrj3jp7s,Ten Rita MD Interventional Pain Management Clinic,Machias,Maine,+1 207-255-0065,ChIJQdXZTSbNqEwRt1pRfDKtjc0
ubkv7m5p75p94muxom37ofpi,Ten Rita MD Interventional Pain Management Clinic,Machias,Maine,+1 207-255-0065,
tbmmw2wsyk74ryzga3nadiv3,"Dr. Dana G. Crovo, MD",Portland,Maine,+1 207-883-5295,ChIJaX5-IJObskwRZOBp_PgP1Qc
abcgo7o1nn18jj82ydh0kl7p,"Dr. Dana G. Crovo, MD",Portland,Maine,+1 207-883-5295,
wuh8zb9qw0vz3gqvcawmeni0,Hull Stephen MD,Portland,Maine,+1 207-400-8530,ChIJgcIhRe6bskwRREi1vK74s14
ax50ph4tz4wus7j9wrm539yr,Hull Stephen MD,Portland,Maine,+1 207-400-8530,
lhgckp7b15bzgp8b8kvieyn5,"Dr. Amir S. Baig, MD",Skowhegan,Maine,+1 207-474-5121,ChIJ-6_MjVLBsUwRXQuSta7nn84
f14xun58epr32bw2jfbwuy0z,"Dr. Amir S. Baig, MD",Skowhegan,Maine,+1 207-474-5121,
xd16dvwzx2vwga2g3yr2e312,Advanced Pain Management Services,Columbia,Maryland,+1 888-600-7940,ChIJ2dywCQ7ft4kRP_69Yuy-WNo
cfmqkk1cwwjoa4hso6d28oeg,"Jeffrey Schneider, MD",Havre De Grace,Maryland,+1 443-270-7246,ChIJc-yFgOndx4kRrpdR0PDSfVo
epjo8b348osphtuob9bzoo6l,Midwest Pain & Rehabilitation: Cho Myung J MD,Unknown,Maryland,+1 605-275-3070,ChIJ7b0pwf3JjocRwp8Adij2oAE
ezjqkma38wb8e6oosogx7toy,Potomac Center for Chronic Pain Management and Wellness,Upper Marlboro,Maryland,+1 240-788-7502,ChIJb0NmjOS9t4kRJYetbgUeJ3s
us6wzxii15oqfrxv7r6z3gjv,Steward Andover Pain Management Outpatient,Andover,Massachusetts,+1 866-698-7533,
eup4ctaqgass9f046u32072m,Steward Andover Pain Management Outpatient,Andover,Massachusetts,+1 866-698-7533,ChIJkU5vlmcH44kR2qrnxhKPwYs
ljpwd30scyzbt50ybjf2x5bw,"Maher El-Khatib, MD",Attleboro,Massachusetts,+1 508-639-5321,
x6t98ahyhdkkvuzh1y75c7cl,"Maher El-Khatib, MD",Attleboro,Massachusetts,+1 508-639-5321,ChIJ3aCzXQpd5IkRnBo0sEaqABo
f41qrb4c7qr3sd7vh82ia90f,Steward Pain Management,Brighton,Massachusetts,+1 617-789-3023,ChIJlbipEex544kR-4pLx_8Jens
sljf2h2gbeb8dt9ttp4r6t8y,"Frederic J. Gerges, MD",Brighton,Massachusetts,+1 617-789-3000,ChIJg84LcG9544kRMyRDoR_picQ
z6d03jfermnace3i3de9ciox,"Frederic J. Gerges, MD",Brighton,Massachusetts,+1 617-789-3000,
dbkxdvg1b7408xfnjbnwntor,Steward Pain Management,Brighton,Massachusetts,+1 617-789-3023,
uljq26uela9bqsk1mtocvy2t,"Saint Anne's Hospital Center for Pain Management, North Dartmouth",Dartmouth,Massachusetts,+1 508-675-5640,
z11p1o879s2d986nzt4yxsjk,"Christopher Stowe, MD",Dartmouth,Massachusetts,+1 508-675-5640,ChIJqWtzjULl5IkRTTy4D0Miy9A
v44g6bycmti4t5v3nhw32jwg,"Saint Anne's Hospital Center for Pain Management, North Dartmouth",Dartmouth,Massachusetts,+1 508-675-5640,ChIJ90w3jGTl5IkRYNjJOI3d_Mg
e6elm8p1jhttmr06fvtn9svm,"Christopher Stowe, MD",Dartmouth,Massachusetts,+1 508-675-5640,
ywjeu7he6hzz8s1wswq8zg6c,"Humayon Khan, MD",Dorchester Center,Massachusetts,+1 617-296-7246,
jcm5s5bhzlzh06h1i7a6m4ry,"Humayon Khan, MD",Dorchester Center,Massachusetts,+1 617-296-7246,ChIJg_MV2xx_5IkR2u-aZVCgatY
xqiw1iwbvrfqthaggohsdvjw,SV Pain management,East Longmeadow,Massachusetts,+1 413-224-2727,
z1uij2ktc67gvsrnfhy81t92,SV Pain management,East Longmeadow,Massachusetts,+1 413-224-2727,ChIJy3aUcvLl5okRkGnXPxkyLNU
moiu7nx2to149vznh3g32ejs,"Dr. Roberto F. Feliz, MD",Hyde Park,Massachusetts,+1 617-361-2166,ChIJVVVVVfF-44kRZlZaHBpoPBU
qcwfhro6lp6f3oozo4m5vql6,"Dr. Roberto F. Feliz, MD",Hyde Park,Massachusetts,+1 617-361-2166,
xmg9xczckwuybb6xnmcgfhmj,"Dr. Christopher C. Wenger, MD",Mission Hill,Massachusetts,+1 877-651-7246,ChIJ32as5YR544kRI9wRzKqLyT0
ndob52urs86c725xbqw3bo2w,"Dr. Christopher C. Wenger, MD",Mission Hill,Massachusetts,+1 877-651-7246,
vjx0fgbpvscuku5mt3wshs8r,Bay State Pain Associates Clinic Norfolk MA,Norfolk,Massachusetts,+1 508-403-4999,
s7h3yh0en5rzglugwxy3t8vu,Bay State Pain Associates Clinic Norfolk MA,Norfolk,Massachusetts,+1 508-403-4999,ChIJUcn01cx75IkR3b9xewG4Qi4
vw3hn02zzfxvfhwpegszjvpb,Pain Relief Center of Cape Cod,South Dennis,Massachusetts,+1 508-394-4847,
zg2nruprg7gsy04a3cmpmbe9,Pain Relief Center of Cape Cod,South Dennis,Massachusetts,+1 508-394-4847,ChIJpb_Kci45-4kRBFfuyATUD98
o2bi8j1lhi350iu4bpetiezk,Blake Spine Care & Pain Management,Stoneham,Massachusetts,+1 781-590-4000,ChIJK8SA90Bz44kRQk9ah3lrOqk
q0z0bqb90wn7fi25eokxotr0,Blake Spine Care & Pain Management,Stoneham,Massachusetts,+1 781-590-4000,
krhtmojtxyz0dl1rh9bq9jj6,Southbridge Interventional Pain Clinic,Sturbridge,Massachusetts,+1 508-347-9111,
xs96bfik3gozjajfeqfm0bqt,ASHRAF FARID,Sturbridge,Massachusetts,+1 508-374-9111,
edjh6twwhw1a9frld2k97zn3,ASHRAF FARID,Sturbridge,Massachusetts,+1 508-374-9111,ChIJ__9z7zqi5okR-arO2DMQBxs
dsuvlx9tdyjlbqirm4fwvmly,Southbridge Interventional Pain Clinic,Sturbridge,Massachusetts,+1 508-347-9111,ChIJoaMn5jqi5okR64MpMPT2v1g
ha8oh588ojin9rpqt9qvws3x,"Eric Dominguez, MD",Swansea,Massachusetts,+1 508-675-5640,
tno1wdjd43smm5eifu17d08z,"Eric Dominguez, MD",Swansea,Massachusetts,+1 508-675-5640,ChIJxflJ4Y1X5IkRIH0_ov_v7Fw
qz15lfkyxu39fgpholw2540e,"Dr. Bijan N. Niaki, MD",Taunton,Massachusetts,+1 508-824-1259,ChIJn-_LfqmM5IkR1qBSC7qwaAI
vlyq8s9uxuj250b49nd5qk6i,"Dr. Bijan N. Niaki, MD",Taunton,Massachusetts,+1 508-824-1259,
fcrabjy2p5cr3xz6si3xvpd1,"Dr. Joanne J. OH, MD",Woburn,Massachusetts,+1 781-756-7120,
kek99b0jeargugjvu0r6wjsl,"Dr. Joanne J. OH, MD",Woburn,Massachusetts,+1 781-756-7120,ChIJRe9Y4MV044kRAu3sHIJgy-k
ey51htjiqq5e1bvk3geji5vb,Dr kumar pain clinic,Worcester,Massachusetts,+1 508-752-7464,
yw7drwbxfugguxsl0q60cnke,Dr kumar pain clinic,Worcester,Massachusetts,+1 508-752-7464,ChIJQThBZAoH5IkRHsXuWNd-S1s
julc0ni8eczhwv9vtb1mclb5,Haladjian Razmig A MD,Dearborn Heights,Michigan,+1 313-565-6782,ChIJq4XM_os1O4gRk2CXVYTcWMk
nxftcm50xuw7d0gppahrqn5x,DMC Interventional Pain Management Clinic,Detroit,Michigan,+1 313-966-7246,ChIJLaJ7FLjTJIgRGtV4A0K9DkE
jvb8ncrtmz4f84johc67j0ce,"Dr. Zachary King, MD",Detroit,Michigan,+1 313-745-3251,ChIJFTvQmystO4gRqzl8-TLbtvU
xzxtqdzwd61jyfcgf71zcf86,"Dr. James C. Culver, MD",Flint,Michigan,+1 810-720-8900,ChIJv0sfjpl3I4gR_slnv5b7qIo
ownioh3nvh6hm4ipr8l2ussx,"Pain MD, PLLC",Flint Twp,Michigan,+1 810-230-7400,ChIJbZ83zVqdI4gRi90nyUSxbwU
g3a90miom5grlrq5e89uk2a8,Total pain care and rehabilitation,Grosse Pointe,Michigan,+1 313-885-2334,ChIJq6rWmNUpJYgR0P_4s61EhpI
sdub0d5w173u2nefjtaveuua,"American Center for Pain Management, PLLC and GYN Health",Southfield,Michigan,+1 248-327-6105,ChIJi9vR3zbJJIgRTYdcjKCTk0A
xzsc33b6lz4q2ey56ith7qx7,Advanced Pain Center,Waterford Twp,Michigan,+1 248-742-1638,ChIJ7ztK6rG9JIgR1jgMXN9XBlc
aijl3knf3w89bsgi5swu0q2d,metro mn pain,Brooklyn Center,Minnesota,+1 763-951-2308,ChIJq6r67hwxs1IRjzR_V07E3FM
aq3bjqck8ni2cu66cgfgu56l,"Dr. James V. Anderson, MD",Coon Rapids,Minnesota,+1 763-537-6000,ChIJb_-1GIQ8s1IRIea_Ak_aUKU
khi1f63izvsq8e9iuzxufhtb,"Dr. Hal B. Heyer, MD",Duluth,Minnesota,+1 218-728-8548,ChIJVWp9VNZSrlIReOjGYCYFDgg
juzwdnj9ebmq7f3dxsr4zmqu,MINNESOTA PAIN MANAGEMENT,Howard Lake,Minnesota,+1 612-432-9884,ChIJk2H29e63tFIR8WEEQMLieFY
hqml5wggbkfa3xwksxc10alq,Pain & Injury Center PLLC,Minneapolis,Minnesota,+1 612-886-1562,ChIJrd9SHJcys1IR-c-hCHRFe3Y
bxccd4bd5oanx28ehy22t1nq,Minnesota Radiology: Starchook Constantin MD,Minneapolis,Minnesota,+1 952-853-7226,ChIJB-VYpQ8k9ocRLkMuzePT7yI
c04bzhptjs5i8rm4rk136172,Dr. Rohaan Mehta,Robbinsdale,Minnesota,+1 763-520-2828,ChIJe398u8Mzs1IRF5_MxIRH3k4
becsu3q78xmbkdo5k1d77qhq,Minnesota Society of Interventional Pain Physicians,St Paul,Minnesota,+1 612-280-8998,ChIJVVVVVdoqs1IRvIN16ZrxsLs
cdiftkfhlzt2jb8rkf3h3in0,Minnesota Pain & Wellness,St Paul,Minnesota,+1 651-917-0667,ChIJ2V6Y8Q8q9ocRN5cM4GufBMM
jjjdxq4z3yyfb2nxodbllrp6,Pain Management,Bay St Louis,Mississippi,,ChIJIYEkTJItnIgRzQY2OPF4Dfw
rzu53un5u52s5oxdblbzepsg,"Dr. M. Cody Scarbrough, MD",Corinth,Mississippi,+1 662-284-8565,ChIJI6Bf39CDf4gRYL_Nr6op9dg
ethh4ps61edlws8r50pltthi,Interventional Spine & Sports Institute,Ellisville,Mississippi,+1 601-550-3436,ChIJ_wtNOGE1g4gR_ABtvbVplM0
atkp4l3369kqo92c3di7xfaf,Methodist Pain Management,Flowood,Mississippi,+1 601-932-0238,ChIJW3tqluMsKIYRbWBAu6-KN08
sftl0argfzv9fct3gqxld8cr,Comprehensive Pain Specialists,Flowood,Mississippi,+1 601-420-2040,ChIJvU9-878sKIYRyC8CxzZxldE
qq7q4wv9x0w54knhh343j2b2,Greenville Nopain Clinic,Greenville,Mississippi,,ChIJae79zD_tK4YRt6gn5m0GLLM
qh08irqsafdslnjv4w3zx6kt,Greenwood Pain Clinic,Greenwood,Mississippi,+1 662-459-2676,ChIJfaWoMSVsKoYR2exMdri75cI
g1jfa0uh95nlhrpixwo64pho,"Dr. Shawn X. Mei, MD",Gulfport,Mississippi,+1 228-284-1642,ChIJt0DGKvQVnIgRZAIScpaCIvc
fnlpah544ifeojkgdzbrlnrh,Gulf Coast Interventional Pain Management,Gulfport,Mississippi,+1 228-284-1642,ChIJDYVk2PkVnIgR7-7Hi6TJIF0
fgjs9x3j3v30utssdbxsdx71,Coastal Chronic Pain Services,Gulfport,Mississippi,+1 228-831-0050,ChIJXSChK_gVnIgRZmmsj3pVFDk
j17tc595q7908zv6d5dje5k8,Dix Brian R Do,Gulfport,Mississippi,+1 228-831-0050,ChIJXSChK_gVnIgRbq4QTJFYHsE
wdaeznasrmav820f9g92o7kz,"Physicians' Pain and Spine Specialists, PLLC",Gulfport,Mississippi,+1 228-357-5464,ChIJNVUR-50VnIgRE_tVmbqwcXY
qo2xyb7v8eqmz6k66fqzfqly,"Dr. Kent T. Overmyer, MD",Gulfport,Mississippi,+1 228-831-0050,ChIJXSChK_gVnIgRCMC9bRakJiQ
bir48ibe4q63q84dg3fp248l,"Dr. Joe Y. Kim, MD",Hattiesburg,Mississippi,+1 601-288-7230,ChIJLRsNYprenIgRl0ue20Yrpoo
zigf4qpe1djxbipeup9jepio,"Dr. Anesh P. Rugnath, MD",Jackson,Mississippi,+1 601-984-5900,ChIJizwC3OgyKIYRlyplbXvLe3I
pfg22t488w6n21ir9rlplnqd,"Dr. Rex B. Williams, MD",Jackson,Mississippi,+1 601-420-2040,ChIJC1Ae6JQsKIYREM5lX1ldmJU
i7pykahbmfikxafaaqnlgzeo,Pain Management Consultants,Jackson,Mississippi,+1 601-982-4644,ChIJDRl_eb0yKIYR43aHiOENGvE
wdhp4jmdqfeipst8lztysb4g,Mc Comb Nopain Clinic,McComb,Mississippi,+1 601-250-1055,ChIJ1T1jox64J4YR13eDD0nVMkM
vinpx9u59qi1jfycvszofcpo,Auzenne Pain Institute,Meridian,Mississippi,+1 601-286-5477,ChIJz2XvAMV9hIgR8yHCrFo3qV0
itljjyhym8128j2b1h0qhe6f,"Robert B. Burns, MD",Pascagoula,Mississippi,+1 228-822-6041,ChIJebOd_ebom4gRNN1R8KejX_g
a6o6nu9zy9yw7lhvveq1loy4,"Dr. Dennis D. Mccoy, MD",Southaven,Mississippi,+1 662-349-2659,ChIJTXcaTeGJf4gRiv4aT-ri1T8
hrzf5dx8h38dsn9500jhlxv3,Pain Medicine Clinic,Vicksburg,Mississippi,+1 601-883-5180,ChIJVUbwOt4dKYYRpruKG4s6-FQ
pyt8qepr4woyuxwrpxhqtfdg,Pain Free Health Centers,Clayton,Missouri,+1 314-961-7181,ChIJkXt0URDL2IcRnsQHrmARpgg
v4qkj1l14s6m44p06br0cmh5,Columbia Interventional Pain Center,Columbia,Missouri,+1 573-815-2700,ChIJQxwK4Q-43IcRnxdpx44Cn5w
pitk7aq2vv7i4nt8kgnecdoy,Noble Pain Management,Columbia,Missouri,+1 573-815-2700,ChIJF048J-y33IcR5QhXuHRgJBU
hufay2xhxw2txg7ul5k9dobx,Rebecca Sanders,Joplin,Missouri,+1 417-347-8055,
shm8gn2uxvcpqf8eu1y1ecjv,Rebecca Sanders,Joplin,Missouri,+1 417-347-8055,ChIJt-PlYdd6yIcRKnpJ-O5dY6E
y0e2q4k6g1nvofeh870kfn5n,Mount Everest Medical Pain Management Medicine,Kansas City,Missouri,+1 816-895-3794,ChIJtSdIxNrvwIcRXWOS6Xhohaw
bxk1b7g1dxe2zd52g5ivcsds,"Dr. Rebecca C. Burfeind, MD",Kansas City,Missouri,+1 816-763-1559,ChIJVXrJ0Pf5wIcRw5r6MTuwKwc
bowwtoqmrp2ekvz3q4nldzpi,Pain Management Clinic,Kansas City,Missouri,+1 816-880-6440,ChIJQ9eSEUpfwIcRykGY8JkOo0Q
n4ns7qul9x6pat1wrlxt7rob,James E Johnson,Kansas City,Missouri,+1 816-943-3926,ChIJj9D8LlXowIcRkYW_AqPayZg
qx97rya036cw73urqb8p4e20,"Dr. James Scowcroft, MD",Lee's Summit,Missouri,+1 816-763-1559,ChIJmzJqva3nwIcRypG8iBaI1Tc
xeqj0wex07fgm7tlg4mlah4a,"Sean R Clinefelter, MD",North Kansas City,Missouri,+1 816-221-4114,ChIJf63KBvj5wIcRmGsFCWYfX5U
mpgnasyolmgzp9m206rrx5tb,"Patrick D Griffith, MD",North Kansas City,Missouri,+1 816-221-4114,ChIJVXrJ0Pf5wIcRKeSfqq3zmp4
vvi5c9c7uw1xkwjkjdlereig,NKCH Pain Management Center,North Kansas City,Missouri,+1 816-691-1779,ChIJwQTEQZP5wIcRwo434Cb8Ebo
c4fv125zvw0126z9nfopqcgx,Advanced Pain Centers,Poplar Bluff,Missouri,+1 573-776-1100,ChIJsysM0qK714cRqCsfS5OgLAw
dmo5bw0egfncfoxxl19isgbh,Periapatna Ananth,Sedalia,Missouri,+1 660-827-9528,
aexkp429xvj0f09toimnac93,Periapatna Ananth,Sedalia,Missouri,+1 660-827-9528,ChIJq6oaf1qPw4cRr7W9u8xfnIU
klcvucxvdxj5cvcdwswtbno3,American Pain Institute,St Charles,Missouri,+1 636-244-5239,ChIJU_wzt20p34cRJOSc5ns_3gA
p0su9j80cj888k3u38b94h6q,Pain Stop Clinics,Webster Groves,Missouri,+1 314-961-7181,ChIJ0civLEvK2IcR2COna7WZbak
szzems5n3bdlmg6g5shgqqza,Pain Center-St James Healthcare,Butte,Montana,+1 406-723-2986,ChIJh5SVtTQIW1MR32owUPpzhd4
gl5ugbs6qie6eqe5kg78cs3o,Holistic Pain Relief Clinic,Great Falls,Montana,+1 406-727-6444,ChIJn8OOuLs3QlMR75sluLxDk80
g1v2omvsvqrg9mouhzw28ro2,Hamilton Spine & Pain Center: Trenfield-Joyn Gail MD,Hamilton,Montana,+1 406-363-4209,ChIJUe2yD2q3XlMR8cId_beIVGU
f0d3nxofbxiatkpl5cwaq8wr,Big Sky Medical Clinic,Helena,Montana,,ChIJp0jzIQRVQ1MRW6bby20fE-A
zzu3ys3bq6hcapn8be2tqbr5,"Dr. Michael A. Sugarman, MD",Kalispell,Montana,+1 406-752-5111,ChIJBSC2Dp5QZlMR6QyNLLqqtpA
sw95l0857v8qnrqk6sd0nuhn,"Dr. Ned C. Kneeland, MD",Kalispell,Montana,+1 406-756-8488,ChIJ2UvvlHVaZlMRpQ-S37off4Y
oxk5zi7j1qk2hl2mahcepeyb,Western Montana Spine & Injury Clinic,Missoula,Montana,+1 406-541-7763,ChIJ0VHHqPLNXVMR2aixSf_4Y8k
qtgnb5t4h8rqylungrslpp3j,Medical Pain Relief Clinic,Fremont,Nebraska,+1 402-727-9995,ChIJNaeMNtJgkYcRkaEIvjzlC-Y
i6ggdgqts7zqyok3ui1icm4t,"Dr. Soubrata V. Raikar, MD",Fremont,Nebraska,+1 402-721-8895,ChIJZxPtVdpgkYcRTk_xe7LxWkc
uofkyg113hjdevkn4oyxr3ik,"Dr. J Paul P. Meyer, MD",Grand Island,Nebraska,+1 308-398-1147,ChIJld7-k8WGmYcRSTKWQeHwd4k
prco6pp4djx9n6zpw0ldkuie,"Phillip E. Essay, M.D.",Lincoln,Nebraska,+1 402-323-8484,ChIJ-62wsJ69locRJa-w6hCifFQ
pz1cqu65flpkqe7vouwrgooa,Dr. Daniel M. Wik,Norfolk,Nebraska,+1 402-316-3250,ChIJ6YGU-wkVkIcR2wyR6oju1RU
pqm342amzaa7nfot1x6w4iit,Comprehensive Pain & Infusion Center,North Platte,Nebraska,+1 308-252-1447,ChIJs1WV4g0jdocRCblXiiO_NE4
k3zt9nyc0klh4elc27wsju4c,Medical Pain Relief Clinic,Omaha,Nebraska,+1 402-894-9990,ChIJT3v-27Lyk4cRgb7xktloY0g
h83l24uwk8tu4lmy4jw2bf8p,"Omaha Pain Specialists, LLC",Omaha,Nebraska,+1 402-932-1644,ChIJ76u01wnxk4cRQtzVCVZAp6k
ekkt6y20g9obuxxqy3zewkmt,Gold Kurt V MD,Omaha,Nebraska,+1 402-933-2016,ChIJ9f0o6xKNk4cRgyD9a2qDLIg
v343wtfkhjachy0d209ency0,Renuva Back and Pain Centers Omaha,Omaha,Nebraska,,ChIJCRiV9sjzk4cReAW5kuaV_rA
f0idsaarod0k1ca3g2s7ds5m,"Angie L.Rakes,MD",Omaha,Nebraska,+1 402-596-4200,ChIJq6pfJbbxk4cRGwB7G26Xp5s
yb5pcwcoeb1hajsxphf9urth,Interventional Pain Management,Omaha,Nebraska,,ChIJKTRVxtuMk4cREN-_U69ppOg
ffq2hh8tkeotof8yyiwdr78e,"Dr. Michael J. Lankhorst, MD",Omaha,Nebraska,+1 402-280-4258,ChIJ602x10aOk4cRJfLsohBGlk8
lgwgcz814c1xf9zp17g7ua8o,Midwest Pain Clinic,Omaha,Nebraska,,ChIJ1xzEc2mPk4cRXD098FffAd8
goexsueu1uyw5jqtzbzz13ca,Pain Management Consultants,Omaha,Nebraska,+1 402-445-4800,ChIJk2yEs5Hyk4cRBR19RrsmOw8
klryv7fy78lw0szdpark7a98,Pain Management Center of Omaha,Omaha,Nebraska,+1 402-885-7800,ChIJD2Fss1nzk4cR1ZSz9rmbN5E
oqk40d9vbm3uatefi8o11i8e,Las Vegas Pain Relief Center,Henderson,Nevada,+1 702-948-2520,ChIJrc7xIgnOyIAREpkABJ94QM8
az3o3bah9peinb9gobhvlk7a,Nevada Pain Clinic. Henderson Pain Clinic,Henderson,Nevada,+1 702-994-9823,ChIJ90yQt_PRyIARVCspaHmnLd0
tulpbmrv01y2ub0nsle1nc2t,Valley Pain & Injury Specialists,Henderson,Nevada,+1 702-522-9931,ChIJYw9UkBHOyIARQIK4-Rn8pyE
aj4pcn9tmkxtld8juic5fdia,Pain Doctors Las Vegas,Las Vegas,Nevada,+1 702-664-2031,ChIJI_oInpzqyIARFvb9oafM8IA
gub3nzduh3qgrv78a8jso1za,Nevada Pain Clinic; Southwest Las Vegas Pain Clinic,Las Vegas,Nevada,+1 702-509-7176,ChIJI4PXzDjHyIARoMEi70dN14U
nbz9ttv6bqualj9xfhysmqu5,Bien Robert N MD,Las Vegas,Nevada,+1 702-233-9911,ChIJtcVmjCjAyIARPToUK8rUwyc
q0ghijo4reig7uucn79wds6w,Pain Center of Nevada,Las Vegas,Nevada,+1 702-763-7391,ChIJP-55mp6_yIARiui5njKkpOA
nj9gb4gsbav4yvmv7lyj0w4z,Nevada Pain & Wellness Center,Las Vegas,Nevada,+1 702-550-4222,ChIJn8UFqvzAyIAR0UorhriXan0
i17zbl0rja9i3r5k2lr7hg2n,Gephardt Stephen A MD,Las Vegas,Nevada,+1 702-386-4700,ChIJt1vXJ5HqyIARZgsm_ltmWKA
dhifbquboh1uu7carhdkxq7f,Nevada Pain Management,Las Vegas,Nevada,,ChIJ-_QRRWPHyIARc5iO4RILW4o
i7z70a022dwpjph89elloyxk,"Dr. Steven V. Kozmary, MD",Las Vegas,Nevada,+1 702-380-3210,ChIJQ832cPnDyIARS2BewlDUYx8
nh3qpt1vr7vvc3u89bqg11bl,Nevada Pain Clinic,North Las Vegas,Nevada,+1 702-476-9999,ChIJ_YBvWZvDyIARBv6UbHzralE
aaxeldyyn2dlt8xkwpa4v43t,Nevada Pain Center,North Las Vegas,Nevada,,ChIJlZUd42bDyIARhyDY0XcoawE
f5i0oykoapz3btjqwkairku4,"Dr. Steven E. Berman, MD",Reno,Nevada,+1 775-689-5410,ChIJnw5XMXNAmYARhhVZg5lLsPc
t5ti1v2ul6jw9lm0gh6w5cbg,Richard G Harris Md Ltd,Sparks,Nevada,+1 775-354-0347,ChIJz07nY6A-mYARIfANT2KNG1k
un2qzpkiav6wf8ug5irk819i,Harvey Station Clinic,Harvey,New Brunswick,,
fs33kir3b69qo697021wbus9,Integrated Pain Care,Bedford,New Hampshire,+1 603-626-7246,ChIJZ2VfSK1O4okRh66zJKFuL6A
tg6bm00yu6hgixerwdu5dvb8,Integrated Pain Care,Bedford,New Hampshire,+1 603-626-7246,
qxz7gq1v8d7zotvcldwn0yuq,Interventional Pain Management,Concord,New Hampshire,+1 603-228-7160,ChIJC3PWC4Bq4okREecacRj6ZXk
cjtyjh3q30osls14uwx7b98s,Interventional Pain Management,Concord,New Hampshire,+1 603-228-7160,
mayplqjn1sotmj5kfvo02sae,"Ahmad Usmani, MD",Derry,New Hampshire,+1 603-537-3095,ChIJ6QC1ZBFT4okRubybWs8Emq0
hmxatg20f8zgqv4o8slti8hr,"Ahmad Usmani, MD",Derry,New Hampshire,+1 603-537-3095,
lebcmf6oqinlf7quhavl4ffg,Triggerband Pain Clinic & Physical Therapy,Hampton,New Hampshire,+1 603-601-7364,ChIJ06UbLzXo4okRFDc-j7ZkPwg
hjdc85qaza2wioh6podugvbd,Triggerband Pain Clinic & Physical Therapy,Hampton,New Hampshire,+1 603-601-7364,
w7z4wyn2ddrbhrwpn89ma8ob,Seacoast Pain Institute Of Ne,Lee,New Hampshire,+1 603-749-7246,ChIJt0NqIYuN4okR84gzj4TvkGg
gvb5hoftxz9dt8js66f9qdz0,Seacoast Pain Institute Of Ne,Lee,New Hampshire,+1 603-749-7246,
qkkcouhijime1kz46xp95etq,Neuropathy Comfort Center,Londonderry,New Hampshire,+1 603-552-3309,ChIJl6wnGdtS4okRh0XGfq2SX-8
dq77qo86mnrzin1q1800wmot,Neuropathy Comfort Center,Londonderry,New Hampshire,+1 603-552-3309,
fmbuwh3q25yv49bffw73bnds,"Syed Razvi, MD",Manchester,New Hampshire,+1 603-663-2315,
ptol1fmpttsl39gz8jvpqwru,Cmc Outpatient Med Clinic,Manchester,New Hampshire,+1 603-314-7246,ChIJ-SdVTipP4okRK4XyB2-p5uc
ji9rl1n16p1bykl7zd6humkq,"Dr. Stephen J. Dainesi, MD",Manchester,New Hampshire,+1 603-663-2315,ChIJV__ZdgJP4okR6BmMl5jfH5o
kqdocgb2kdnw0gs3qgd8u6v9,"Syed Razvi, MD",Manchester,New Hampshire,+1 603-663-2315,ChIJV__ZdgJP4okR9GgaKL4-fSw
ruidbkp41dvgzvl083ww3rde,Cmc Outpatient Med Clinic,Manchester,New Hampshire,+1 603-314-7246,
idaghtpd1aw11lxb4zl6h7x7,"Dr. Stephen J. Dainesi, MD",Manchester,New Hampshire,+1 603-663-2315,
d19v38wy47q8kef5ve6f1990,Pain Management Services,Nashua,New Hampshire,+1 603-577-2765,
l4lg5excxdupt4e9zng1q2fr,Pain Management Services,Nashua,New Hampshire,+1 603-577-2765,ChIJ62pa5Nuw44kRJM1TeG3TUhQ
e5y4hv3ibsx73drxodakkxj6,Centers for Integrated Pain Treatment,Cliffside Park,New Jersey,,
bxslq35iuiiqwry4v0kxg2qv,Centers for Integrated Pain Treatment,Cliffside Park,New Jersey,,ChIJs5vQTq33wokRYYgzIv9F_bU
cxakovq4vffafo8owz7ypu7r,NJ Spine and Pain Center,Flemington,New Jersey,+1 908-824-7093,ChIJf4MxlOHzw4kRerfVGfSqF7A
ax3za1er4lyyzbsegc8muvdw,NJ Spine and Pain Center,Flemington,New Jersey,+1 908-824-7093,
lxms742zklnpo1ryf3788875,NJ Spine and Pain Center,Monroe Township,New Jersey,+1 609-587-6070,
txubq8w71i5fjvduvzz1t0ep,NJ Spine and Pain Center,Monroe Township,New Jersey,+1 609-587-6070,ChIJ_cohJFzaw4kRjJA9q9wK1iA
u7u70ov9t2oi6mhifzjeuofu,"Dr. Edward Magaziner, MD",North Brunswick Township,New Jersey,+1 732-297-2600,ChIJ99PcV-zDw4kRbfP8Bl-2GWQ
j4g2lfs38ucxafe5uh1b03n5,"Dr. Edward Magaziner, MD",North Brunswick Township,New Jersey,+1 732-297-2600,
cqrspdqva86td771lsv7z116,Johnson William L MD,Albuquerque,New Mexico,+1 505-881-0092,ChIJw4-3L-p0IocRaWsocPGNUL0
h2rfdig9btv71dlaxy76tdod,Dr Nairn,Albuquerque,New Mexico,+1 505-247-9700,ChIJFxhUfq91IocRU8KTq1xo0rk
gy36w0auj2mtoppuulnfibwx,"Melissa Merhege, MD",Albuquerque,New Mexico,+1 505-262-7724,ChIJ5yP1h5MNIocReSKAqSOdoW4
k9n1w1q8yg0pr63doyqqm0qn,Sunrise Medical Pain Clinic,Albuquerque,New Mexico,+1 505-433-5572,ChIJ_zHVSi-fGIcRacRzjR-KDno
yb3m6qy5kzdacmas4rtinm84,Pain Clinic,Albuquerque,New Mexico,+1 505-884-9500,ChIJ2Ys0OdR0IocRSCmwW9esqXY
ngukj71afhevm09icwlyf8zm,Lovelace Center For Pain Management: Zimmermann Dale MD,Albuquerque,New Mexico,+1 505-262-7724,ChIJz4bjTK0LIocRiALC4W_Dpoo
oaorvyw6fc02eksdbmdj1y3u,Meadow City Procedural Pain Management,Las Vegas,New Mexico,+1 505-434-7289,ChIJ09sjzLN3GYcR-pFmsu3f-fs
ks6dvffjq2ia6uydf5ljd36f,Spine Sports & Pain Medicine,Santa Fe,New Mexico,+1 505-795-7370,ChIJfQgjDvJQGIcRLxZ7UyWEY38
joyl8svx8nbgqage81bjqvqc,Dr. Celeste Skardis,Santa Fe,New Mexico,+1 505-988-5551,ChIJOwX8oo1QGIcRzeXwJF4Q6zs
nt2g8qezy2osf2h6c7y4w0n8,Spine & Pain Institute Santa Fe,Santa Fe,New Mexico,+1 505-983-5200,ChIJo-8K4o1QGIcRVw6hSarkdgs
x27biynod750skoxwauxnswp,St Vincent Hospital Pain Management,Santa Fe,New Mexico,+1 505-820-5669,ChIJH1dKmoxQGIcRbc-2XapR22Q
q8zvdenv3x96ffh0ot1y6y6k,JOHN V WATKINS,Santa Fe,New Mexico,+1 505-264-9961,ChIJVVVl7-1QGIcR_M4mvVCwP00
wmckvkgyg9iyp6ih6w5mw2a2,Sunrise Medical Pain Clinic,Santa Rosa,New Mexico,+1 505-433-5572,ChIJ1WLCve8LHIcRNZHVa_i8nJk
q9uqeulkz93zcnqn911jxoyn,New York Pain Clinic,Flushing,New York,+1 718-886-6268,ChIJU9C3Pz1gwokRGYKFiJZzod8
pbanhd8pfbkq45d98fl8qn32,University Pain Medicine Center,New York,New York,+1 732-853-8475,ChIJh5nETL5ZwokRbnjUU9Ea64o
mjvks3attetnzr2ch1u3ixdf,Pain Management,New York,New York,+1 718-682-3432,ChIJ___P-mJEwokRt6UhuP_jQDI
mg54ufheo0v8yb4f3f4ln3kf,Pain Medicine Center,New York,New York,+1 646-962-7246,ChIJfQca58NYwokR26QWUd7LudI
t6ssm0hl7uewt8jl4zs7v1sy,Manhattan LowerBack Pain Doctor,New York,New York,+1 917-920-6046,ChIJfRNzOXVZwokRftkYG3Ytujg
whbuqrls0125gx5xn4q6245u,Mount Sinai Beth Israel Pain Management,New York,New York,+1 212-844-8751,ChIJWcn-xphZwokRflZ2MU45B1g
en4ic7cm023urjxja5q4ycf1,Manhattan Spine & Pain Medicine,New York,New York,+1 212-535-3505,ChIJAyvx7JVYwokRX8OSIhAzeys
clw8h1rsu1c59qlphzjxqp6r,"Carolina Pain Associates, PA merged with Ubylee",Charlotte,North Carolina,+1 704-347-3447,ChIJjcsiGvGfVogR_UYPZ-Kb2tk
i53j1ox8uuhlpt7sdlgh5mws,Durham Pain & Spine,Durham,North Carolina,+1 919-226-1261,ChIJe3IW_bTjrIkRCE1TH9QnJQA
ji05tsb2p1nvg8k8kd7jfxs2,Bellamy Pain Management,Greensboro,North Carolina,+1 336-763-1101,ChIJNcz7PeohU4gRYR0JR38sXwU
jcsgrfq6snlib5ikte03dfjn,Greenville Pain & Spine,Greenville,North Carolina,+1 252-317-1195,ChIJ8YHZYSforokRrXFZ0KXbJvI
fj5hsszxs9zc1nkqkytqyjfc,East Carolina Pain Consultants,Greenville,North Carolina,+1 252-847-0601,ChIJcTehR5_CrokR5AaJ4imVQs8
rmqnqhbkfdrvxae1mlosyvr4,Carolina Pain Relief Center,High Point,North Carolina,+1 336-740-9580,ChIJ_2R1jNkLU4gRC07NJtr5F_w
ifpnz222ufqtc5843wj662qm,Interventional Pain Management of Lake Norman,Mooresville,North Carolina,+1 704-360-4378,ChIJCerf1N6qVogR1bigXRyTxzE
bt0cimqw0n462q1980ia3vfk,Carolina Spine & Pain,Mooresville,North Carolina,+1 704-360-2260,ChIJCerf1N6qVogRTu15HyhR8Nw
aithjk1z3up59jeyqmc6rsf2,Dakota Pain Management,Bismarck,North Dakota,+1 701-255-2453,ChIJ9epoUBaD11IREx_vzDeB3NM
uefry7yx7i41i2lobhmm7sud,Thrive Anesthesia Services,Bismarck,North Dakota,+1 701-934-2395,ChIJ251anYaD11IRsK5O1YDugwI
eh00bfegdxa1h6alvwzgykcy,Spine & Pain Center,Bismarck,North Dakota,+1 701-751-7750,ChIJHzt8oaaD11IReFtprQZtouo
bkvtu9drrx8uj0rvoxq6d8go,"Dr. Marvin Eberts, D.C.",Dickinson,North Dakota,+1 701-225-3536,ChIJDxnl_Vc9JlMRuz6hspy7_NY
a496wwoal7i8tsb3ztzcpq8l,Meritcare Pain Management Clinic: Gonzalez Michael MD,Fargo,North Dakota,+1 701-234-7400,ChIJnXVbYQbMyFIRZys7X_grhrY
e0aszlg1m1x9wm9ies8plvaw,"ReNew Medical Clinic, LLC",Fargo,North Dakota,+1 701-404-9909,ChIJf2x8hj3MyFIRh53AI0daDFE
kyr4lrtis9ckohbpsfl21bbc,Institute for Low Back Care-Dr. Panjini Sivanna,Fargo,North Dakota,+1 701-297-0817,ChIJZej13GjNyFIRpubdCLt5154
e7gmalofru2ghgr3mi0hz533,Dr. Michael Templer,Minot,North Dakota,+1 701-857-3011,ChIJoT-Kgxcq31IR29JKpb4VdNg
hnqepwjzjd44kgp6ssu7apyq,Pain Clinic / Lakeview Health Clinic,Minot,North Dakota,+1 701-852-8502,ChIJeSohL4Mr31IRf8112DkhkXo
a4oq6yfbig2rj42f57ppk3hg,Southwest Ohio Pain Center,West Chester Township,OH,+1 513-860-0371,
chxlsrd3tzj5fds4zwcf3u3p,"Dr. Abdul Q. Shahid, MD",Beavercreek,Ohio,+1 937-280-4970,ChIJ97kgHPh_P4gRkfIIvI_y2Fc
lyzfoqyi1fe8gwz56sikjgau,"Pain Alternatives, Inc.",Beavercreek,Ohio,+1 937-429-8620,ChIJExOu_YmcQIgRxJH005dnJ2o
yj6jt21jooqo0bvukxl4j7od,Sayegh Michael MD,Cambridge,Ohio,+1 740-435-8484,ChIJhd1kZ_K1N4gRNzMcTZtmrcs
lgpqhqcxxttju8idgvedxe4s,Wasef Atef Fahim MD,Canton,Ohio,+1 330-363-7462,ChIJD5fg83TaNogR2ps09jqrTuc
vyfqgwkiet64hlb42rxy9vu5,Interventional Pain Specialist,Cincinnati,Ohio,+1 513-842-7781,ChIJVVVVVS7LQYgRvGkttOvbITw
mv94u7neuvw3e3lbau8h5x7k,"Dr. Townsend Smith III, MD",Dayton,Ohio,+1 937-208-2723,ChIJD08EyqmGQIgRRqLIftDATjs
ordwka6pt3npndl3bxlng2ji,Premier Pain Physicians,Franklin,Ohio,+1 513-420-5165,ChIJlx7cDDNeQIgRy8P9BuPzNDg
x2gwsvq9zksuzgwdlhk96gwx,Ohio Physical Medicine & Rehab,Lancaster,Ohio,+1 740-681-9905,ChIJs0fbHg-KR4gRHCcVLin30pg
dm95knbdx3m7szsh3sk6yzac,"Aleksey Alexander Prok, MD",Lima,Ohio,+1 419-998-8234,ChIJEerJ7l8aOYgRNjX7PxesRNY
trss2vl9bk75vrwgyowiqp0q,Marion Pain Clinic,Marion,Ohio,+1 740-751-6146,ChIJbahRT18aOYgR8vW6CCBRFrs
jgpig875g98jj2htc2a20b8j,"Interventional Spine & Pain Management Center: Vivekanand (Vic) Manocha, MD",Miamisburg,Ohio,+1 937-619-0724,ChIJHc9qoc2LQIgRfBMMvHUWTEc
hcdqs89qt8w7h7kmswrjsmh1,Andorfer Paul E MD,Springfield,Ohio,+1 937-342-0339,ChIJLzpSDexaP4gR74MUPfkoMgw
rf1rryc086rfcbtkdjl65xbp,Southwest Ohio Pain Center,West Chester Township,Ohio,+1 513-860-0371,ChIJt__VSY1PQIgRgFQFXuixjEw
dv1q3qvgdajuieeoq0ni7f86,Lee Hungchih MD,West Chester Township,Ohio,+1 513-755-7888,ChIJccSOwAlaQIgRsj6RfYy_LvM
fy13fiqqwfjdxq40696ofebs,"DanaMarie Aminian, MD",Westerville,Ohio,+1 614-663-3501,ChIJjyqtXYr1OIgRvWJubKhn9CQ
xpcmimfduwfstj7h4troo8hr,"Andrea Fraley, Md",Edmond,Oklahoma,+1 405-471-5460,ChIJCaSGT7gcsocRBIXo-UX5k-I
gz1z5nzyh71ny7kj62n4bn7f,"Midwest Pain Consultants, PC",Midwest City,Oklahoma,+1 405-733-5900,ChIJPyZX7FY8socRreO5LXxwUkU
ni9wcyusbzoej6rosmf4oxih,Institute of Pain Management,Oklahoma City,Oklahoma,+1 405-524-5200,ChIJCcLZRqgQsocRyqdhNa7gIzQ
ospr35cva3ppgd2c49flfs9c,OSH Pain Managment,Oklahoma City,Oklahoma,+1 405-749-2765,ChIJ6TlyArAdsocRLMorUwQOQHA
rm0ktonaij7j7jqbn7r13bkk,TruCare Pain Management,Oklahoma City,Oklahoma,+1 405-703-8860,ChIJcaOhBp0TsocRzQdsOOWSNi8
p3m5tbwupbfsmo7po0rdfd2m,Pain Treatment Center,Oklahoma City,Oklahoma,+1 405-702-8623,ChIJF5gHZe4asocRoQ-tmDGeQbQ
t4l9e5ik6q4tbn64xw6b4ebw,Gretchen Wienecke MD,Oklahoma City,Oklahoma,+1 405-418-4033,ChIJgcSlNeoXsocR1_wrj0ktAOE
ggah07fb4exmtujrog812dlr,"Dr. Martin J. Lopez, MD",Oklahoma City,Oklahoma,+1 405-631-0300,ChIJvwhLS1YRsocRt2aiC0zaRTo
z1uzxshp79wyefi3lkh0u8jb,Advanced Pain Management of Oklahoma,Oklahoma City,Oklahoma,+1 405-702-8623,ChIJzbAHuVADsocRGoGmFIUiJ-Q
zf0fp4w06yr89z5anuzi1t7f,"Dr. John W. Nelson, MD",Oklahoma City,Oklahoma,+1 405-702-8623,ChIJ6cXlSjsQsocR35giGM4_5J0
i85ac68zoq1rdw18f7k3sgod,"Dr. Jack E. Marshall, MD",Oklahoma City,Oklahoma,+1 405-286-9820,ChIJfehdxOwcsocR-1yEXkUT05g
xtjttrx2tt9pe6l54j1xgt8g,Pro Care Specialty Clinic,Poteau,Oklahoma,+1 918-721-0140,ChIJdeQ3vm_3yocRp6_XjnVfyCs
cgaa8d1oxjp2nonhd90084x7,Oklahoma Pain Management Shawnee,Shawnee,Oklahoma,+1 405-242-4100,ChIJ8wI_dTPJs4cRTU-CXlkCZiM
acxhmbcjapomeeqxkpxqkjsq,Oklahoma Physical Medicine: Pettingell Tim G MD,Tulsa,Oklahoma,+1 918-252-7952,ChIJeQATKCGStocR3VnCRVhW1W8
q87cbfplcfbc3giccg1g3rlo,Comprehensive Pain Management of Oklahoma,Yukon,Oklahoma,+1 405-467-4399,ChIJF5BuqXcJsocRgf-ts1eLxTk
tuplmke6238wnbcx5w1c2s6k,PCA Pain Care Center,Bend,Oregon,+1 541-323-3363,ChIJs4DqXdvHuFQRgpKtUA4r16g
v0apuaslbxndzf6g9ttme1hm,Summit Health Solutions,Bend,Oregon,+1 541-323-3363,ChIJM4AdHvnFuFQRiWuwCfEVX0s
s7tb2yd9hv5fenn0502e6cqt,Bend Spine & Pain Specialists,Bend,Oregon,+1 541-647-1645,ChIJP5GcUgfGuFQRLaRLrGmeEu8
dh1dd3svi8nw5nw7h9gan29o,Pain GPS Clinic,Eugene,Oregon,+1 541-246-3400,ChIJ8Y38WUEewVQR3JMLKVecsDY
m0e8j8g39tc7dfveuk5cxv7q,Daniel W Kim,Medford,Oregon,,ChIJVVUlhnF7z1QRVSX-DZvoHm0
puxnz2jatcxyj3c7sctbhj20,Daniel W Kim,Medford,Oregon,,
zo5my1qnzbg5vjkdu1oyg564,Oregon Pain Center,Portland,Oregon,+1 503-828-9569,ChIJrfHQ0TMJlVQRhhsCLdDxz9M
ujwcqkvvx6jdm7o4jyu50au1,Lahm Bridget,Portland,Oregon,+1 503-295-0730,ChIJR066KE8JlVQRlnC7editPfg
ri7cn9zbg7zvxdwk6pcuoiin,Mid-Valley Pain Clinic,Salem,Oregon,+1 503-371-1970,ChIJczdmXE3-v1QRpvdrfSiAqPI
c22fd8m5sf8y8vpaposj8qyi,Westmoreland Pain Management,Greensburg,Pennsylvania,+1 724-600-0607,ChIJtaBqsYzRNIgRmhHoisGHJsk
in2klmumbks36dig7h6918du,Germantown Pain Management,Philadelphia,Pennsylvania,+1 267-270-9814,ChIJzcU1uja4xokRtN5Qj15hZ_Y
rkyjbl8ke47kk41u7psqpw9q,Koenigsberg & Associates Pain Management,Philadelphia,Pennsylvania,+1 215-467-7212,ChIJk5e55A7GxokRYIlBL25vg7w
t1clzxj03cofrkdtx4228lie,Uniontown Pain Management,Uniontown,Pennsylvania,+1 724-437-4008,ChIJp_zgi5sVNYgRx4pCvPQOkEQ
hopdjx2yz36o15lgo6hn8h2z,Waynesburg Interventional Pain Management,Waynesburg,Pennsylvania,+1 724-470-2025,ChIJj3ljYt6hNYgRO-85o1vytfA
yddqqf6k70dlcl6xfm28wx8l,Advanced Pain and Rehab Specialists - Seven Fields,Wexford,Pennsylvania,+1 724-308-7401,ChIJD0U6To2JNIgRQQpS6Bs6TQ0
zexp19ex4239uddl26hxj5um,"Dr. Joseph D. Paz, DO",Wilkes-Barre,Pennsylvania,+1 570-270-5700,ChIJ_WF8LJQbxYkRJ2ebTZZpIHI
rmip5bryp3c324s5ad3uutd4,Salvage Robert MD,Wyomissing,Pennsylvania,+1 888-985-2727,ChIJJ6OR5qZ2xokR1HK2UBWdSUY
z211ab91v38891ww4vpe06i1,"Dr. Keith A. Perry, MD",North Providence,Rhode Island,+1 401-456-3000,ChIJyUOmWTdE5IkR55CHFOuib1Y
ge1k1z4f3ri04mfjs4nyf177,"Dr. Keith A. Perry, MD",North Providence,Rhode Island,+1 401-456-3000,
zy1kx3j40rqysfdbm2pqsuok,"Dr. Ashraf M. Farid, MD",Providence,Rhode Island,+1 401-421-5340,
z9w80gft86cmhqj35b5x3i8t,"Dr. Ashraf M. Farid, MD",Providence,Rhode Island,+1 401-421-5340,ChIJxd-qBmZF5IkRthygqqMVys4
fmsfxicudhk5d6f2qaudg10p,Nea Pain Management Center,Warwick,Rhode Island,+1 401-490-7530,
kbqusx8sovago5oh48qmnevf,Nea Pain Management Center,Warwick,Rhode Island,+1 401-490-7530,ChIJt96FtyRM5IkRc-UV8trggAo
luscqyq1so0hyiprk5w1mcmk,Westerly Spine & Pain Center,Westerly,Rhode Island,+1 401-348-3865,
hxq5u7873dubwon0d015ikhz,"Woo Jin Lee, MD",Westerly,Rhode Island,+1 401-457-1500,
mjsfeuu85qitfb9m0h3seatx,Westerly Spine & Pain Center,Westerly,Rhode Island,+1 401-348-3865,ChIJFf_zd-Pm5YkR46TlrS44K1g
jxn20llgd9beifcl16blpi0r,"Woo Jin Lee, MD",Westerly,Rhode Island,+1 401-457-1500,ChIJ0U59k-fn5YkRQnlvHr_1VG0
z2yn53ztuw3q92tv7f8r25ij,Providence Interventional Pain Center: Drs. Ashraf Farid and Ahmed Attia,Woonsocket,Rhode Island,+1 401-597-0985,
kx4qjvg3xhvktlb8cencp13s,Providence Interventional Pain Center: Drs. Ashraf Farid and Ahmed Attia,Woonsocket,Rhode Island,+1 401-597-0985,ChIJ3dVmEjRq5IkRIn0rJuqmWGM
yow32dwt1g5i3kic6owt436m,"Dr. Abdul R. Barakat, MD",Woonsocket,Rhode Island,+1 401-766-7700,
wcao9u3ltedrhp45ozj0mdwd,"Dr. Abdul R. Barakat, MD",Woonsocket,Rhode Island,+1 401-766-7700,ChIJ31AznzRq5IkRRqUZhATeu-8
hh4grpgm6p4xbf0e8afiy9gs,Eller Karen MD,Beaufort,South Carolina,+1 843-522-3456,ChIJb61MsFUL_IgRtLQyjzVnjsM
rl0xdoilks5dywjp0slakzhx,Compass Pain Care,Easley,South Carolina,+1 864-671-6492,ChIJGYrSmK5JWIgR2LerhN0Zqrs
i72k2boh7ggcmkvakbklvlov,Compass Pain Care,Greenville,South Carolina,,ChIJ8RW9XdMxWIgRNAJFSaUGj2A
p9m4d87tt8l9t3g35o22gf9x,Batson John P MD,Hardeeville,South Carolina,+1 843-208-2420,ChIJK4nGXOKN-4gRsTp8ldkkojs
qtjylmk8whre4c1r309kffjx,Dunes Pain Relief Center,Myrtle Beach,South Carolina,+1 843-839-1935,ChIJESSe-O5pAIkRMbB87HZlU3k
oclxxjhkl0cnl3zymd4795s3,United Physician Group Pain Management,Myrtle Beach,South Carolina,+1 843-491-1630,ChIJ2RD9rHJlAIkRHq1diKGkdhI
h8eaiq22879u34kntodjg3lp,CSRA Pain Management,North Augusta,South Carolina,+1 803-202-0053,ChIJzaPxStPM-YgR1kJzdiI3cGU
d2it1ef9clqn35v7uuwd887g,Low Country Pain & Vein center,Orangeburg,South Carolina,+1 803-531-8808,ChIJ_4l1OqXU-IgRxuPaArSJhfM
s12m2m3zblujpez6879c156a,Gupta Avinash MD,Orangeburg,South Carolina,+1 803-531-8808,ChIJ_4l1OqXU-IgRq-YLN1Xwkoc
suivpm0mw3a5q6qig0w4tvh2,United Physician Group Pain Management,Spartanburg,South Carolina,+1 864-671-6492,ChIJ-3VxtlB1V4gRDPV7PcC9QVY
xwbli54zrdjm2d5hlflaxt21,Motto John M MD,West Columbia,South Carolina,+1 803-454-1661,ChIJK28oDtG8-IgRwwZrwcvjPaE
sxbggiffkxdakgzgzj3lh4yy,Apex Pain Clinic Brookings,Brookings,South Dakota,,ChIJM3LFspWZiYcRKZMb8g_J6R4
yxhbvtbuqptq2gydc54dfgme,Apex Pain Clinic,Dakota Dunes,South Dakota,,ChIJ5fhlshAFjocRg5NhelBwZyw
ldq71alacozlfy6pd2pu41me,"Frederick C. Fisher, M.D.",Dakota Dunes,South Dakota,+1 605-232-3332,ChIJSfmO8uAFjocRe2X5qpsdwg4
q95x7tvjrllxw66fhlqbxiez,"Dunes Pain Clinic, Dr Sorenson, Neck Pain, Injections",North Sioux City,South Dakota,,ChIJI2Qpa-AFjocRV1tAAka1mPs
zhfvp90tyyum83abotnm4790,"Brett Lawlor, MD",Rapid City,South Dakota,+1 605-721-7246,ChIJ6wjgTUxDfYcRz7QGcbglKDY
ghorotco11a0lnw8fajli58o,Urgent Care - Back Pain,Rapid City,South Dakota,+1 605-718-5333,ChIJw6u4N9VcfYcRj21FaCkNS3k
zwkb7ocwe1ddq8yjr7bjkt0f,Lockwood Scott A MD,Sioux Falls,South Dakota,+1 605-338-7098,ChIJwaffi8i1jocRHQL593zhIlY
jcac8tck4q3tf0j5py9eisd6,American Pain Relief Institute,Yankton,South Dakota,+1 605-665-5225,ChIJcQvQpaehj4cRvbjeKp2-EMU
ajeotpnjr8cspvv93y4mbyfd,Joint and Spine Pain Center North,Clarksville,Tennessee,+1 931-919-3813,ChIJ1yF7wfUnZYgRTnW_HxB1L78
twyxr4depql3auklmooju816,Tennessee Valley Pain Management,Hixson,Tennessee,+1 423-486-1444,ChIJG-6Xb4aKYIgR1y1sVIIXfC0
qy33q5cw6iqyolst9uwnpbwx,Walker Pain Management Center,Jackson,Tennessee,+1 731-664-4850,ChIJg-itJpemfogRHwMHt_EQRNE
ordr9y9im7cabudt7f2obp0a,Center For Chronic Pain Management,Johnson City,Tennessee,+1 423-791-1928,ChIJLwAGPTd9WogR8R8RfGXvXBk
ct5vokka0fjdyx3k61uj765k,Elite Pain Consultants,Knoxville,Tennessee,+1 865-218-2100,ChIJIRrMcIYvXIgRheQTStReJ3c
wmldr5swnyu9er200tr2yzke,Active Pain Treatment,Knoxville,Tennessee,+1 865-246-0143,ChIJlyX8Pj4lXIgRghw3cAm09IE
iial0q5iejnl6erzqmmr1bpw,Tennessee Pain Professionals,Knoxville,Tennessee,+1 865-247-5221,ChIJyfbQOA8WXIgRa1waVbw0n2o
fsbm3jmumvnb59g9p1jwwwrl,Center For Spine Joint and Neuromuscular Rehabilitation,Murfreesboro,Tennessee,+1 615-872-9966,ChIJ51xPdHP4Y4gRBmODTPJJhDw
sqtxg7fryjn9qwt6kcjsprpz,Southern Pain Management,Nashville,Tennessee,,ChIJU2uXcpBvZIgRUfEd5_lInpA
v1swamolvr1ub5gj6sivder6,"Dr. Daniel F. Lonergan, MD",Nashville,Tennessee,+1 615-322-4311,ChIJw7TZWr5lZIgRWTQ00dq5MoQ
fdditxwfss7nfc5vqwp214wq,"Dr. Sekou F. Molette, MD",Nashville,Tennessee,+1 615-340-3436,ChIJybGoI5VmZIgRE7EKKmXYmDs
v6zdcwjz5omxmr278jvox9ov,"Dr. Yilmaz Eryasa, MD",Nashville,Tennessee,+1 615-750-2869,ChIJsdBNS_NmZIgRgMenUIHDl9M
kg3baawg4a2zwipg8kthnavv,Elite Pain Consultants,Oak Ridge,Tennessee,+1 865-685-0941,ChIJpdUT8H0zXIgR111W9fp5zOw
ii2ycgo2umtyf20rxirtw6n7,Mercy Pain Management Center North,Powell,Tennessee,+1 865-545-8486,ChIJOSwrxiUWXIgRJyjeCx7PZqk
i7ba9yo4c4uaq2bsi9zm1owp,Texas Pain Specialists,Arlington,Texas,+1 817-860-2700,ChIJzWRCG6V9ToYRxMcNHGN1YfQ
e51vgoqo6jheew6rof3dhta1,"Pain Doctor Specialists; Conroe, TX",Conroe,Texas,+1 281-446-4878,ChIJRyPtPkhNR4YREs2xKxhxHbM
k1u0qnbr3f0z0s9u3xn98dnw,Spine & Pain Institute of Texas,Dallas,Texas,+1 469-313-0040,ChIJ_URSVeCRToYRyGdZaKELHW8
eq3cy4nhvpkfkqmc4x15z4yz,Amhan Pain Management Clinic,Sherman,Texas,+1 903-813-8270,ChIJE6verVmITIYRqdOZb5PHir0
dz7tvf37tkxizlc6ks9lljnq,Pain Management Center of Houston,Spring,Texas,+1 281-296-0188,ChIJweh3p0swR4YRD7-s_g3Q8gw
zn9rtpdbu7rdxvmxaeh7suhx,Summit Medical Pain & Spine,Millcreek,UT,+1 801-266-2440,
fi3euqztil346shbmcpawmye,Summit Medical Pain & Spine,Millcreek,Utah,+1 801-266-2440,ChIJq_uT7CKLUocRMkMDZfnN9ic
y69edftd1rop5waj8xsjwizv,Riverwoods Spine and Pain,Orem,Utah,+1 801-829-7246,ChIJYQ5c5VCFTYcRhEpCNDlypAQ
d3w6iw6mwsh6ctmlx21ukvue,"Dr. Scott R. Junkins, MD",Salt Lake City,Utah,+1 801-581-6393,ChIJo-MA0ZBfUocRbJw98LftjyE
gw1ma4l268ux9njp2zyywn8t,Pulley Steven C MD,Salt Lake City,Utah,+1 801-261-4988,ChIJO9KDpm-KUocRpv2JmVKAQPk
g8625m81pbz2csdwy3ivyzoc,Spine Orthopedic & Pain Center,Salt Lake City,Utah,+1 801-955-1232,ChIJocdcN8OMUocR5tjJPzQatMI
og176j4vhleb8hgp59ep9qpu,Pain Management Professionals,Sandy,Utah,+1 801-713-1560,ChIJk5NUBcKJUocRx7ENPsyEaHk
n8zi9zzky7l1k8rrz73nbs06,Utah Pain Relief Institute,South Jordan,Utah,+1 801-466-7246,ChIJCZgElRqGUocRHovMFBwqUSg
gz4bl7taqqikr5iung2dk8zy,Spero Pain Relief Therapy,St. George,Utah,+1 435-656-1916,ChIJk8y99SpFyoARq70Zp250Ozw
vabm57rju19wjjgmvrjuk61p,"Grange, Tim, M.D.",West Valley City,Utah,+1 801-955-1232,ChIJocdcN8OMUocRpyXF2rDxRsM
tnw17s2s9hc5o7e05sr1xxl8,Vermont Pain Management,South Burlington,Vermont,+1 802-861-6100,
d3ygr5ikbhl13lpep8errz9t,Vermont Pain Management,South Burlington,Vermont,+1 802-861-6100,ChIJKX4JUNd7ykwR6io1kGiGDFY
e5vkz5ovfzu8s58sz54qntuv,Covington pain management,Covington,Virginia,+1 540-965-9274,ChIJT20gXE_xTIgR4ka8lWEikJw
vv8agaxl97d5mqut7w1ntlbw,Pain Clinics in Virginia Self Pay,Lynchburg,Virginia,+1 844-482-7246,ChIJ6ba47r_ZsokRt-WjNbUrMFA
ef0oe3kkq59oos4y387i59wn,Jawad Bhatti MD,Richmond,Virginia,+1 804-330-3225,ChIJc1d3iPoSsYkRQ50r_MCqZM8
akbpd4undbt2ox6kduz284vk,Virginia Pain Network And Clinics,Richmond,Virginia,+1 804-302-8571,ChIJI3obdW1tsYkRchuxZi4Wk3Y
kftzg4or0lmupwwwrz412c8d,Pain Management Clinic,Salem,Virginia,+1 540-444-5670,ChIJ88AdJcULTYgRAoG5o8GafWA
qff7ujsc7tguzbvaaw58w9ul,Shingles Nerve Pain Study,Bellevue,Washington,+1 877-453-0404,ChIJT8cQQaZtkFQRex3d3Wggixs
e9mesox942k9cetu385n39qx,"Robert Bowers, MD",Bellevue,Washington,+1 425-998-7884,ChIJg02-GgZtkFQR9uB_rEsbfOQ
q8s8ovwy5bxbpd2gcedw86bg,Integrative Pain Management,Bellevue,Washington,+1 425-467-5929,ChIJ2yXKxrJtkFQRNpWa-F576Vw
t6xf6zut4xktognqjx3smxm7,Richardson Brent MD,Bellingham,Washington,+1 360-752-0518,ChIJpTQwt0WjhVQRIOLs3vGmO-E
gkngn9im931ud88zxi26j2d1,Northwest Pain Management & Rehab,Burien,Washington,+1 206-518-6081,ChIJD-nJkpdEkFQRerAdzTCdT7Q
uqk2hrxmnzjg9f35ozwtr3i4,Dr. Howard Quint,Edmonds,Washington,+1 425-774-5163,ChIJoSSDQ7wakFQRO-eTB3Bq0UA
amckg8wd0teshgmjrwpian0i,Wa Interventional Pain Specialists,Kirkland,Washington,+1 425-454-1111,ChIJM3kq-YUNkFQRZGOsY5bzSZk
hriqp24gicnhxoauv9oivu8z,"Dr. Kyong H. Kim, Do",Lakewood,Washington,+1 253-983-9390,ChIJFRAhRj0BkVQR2Bb92zB_n-s
fdjc78hwyx0wl0x45xly5axl,NW Comprehensive Pain Consult,Mount Vernon,Washington,+1 360-336-0123,ChIJA110AQNshVQR9ci6vw9hxO4
ruodtgco4qruidyetytn5cka,Cascade Interventional Pain,Olympia,Washington,+1 360-292-7470,ChIJO837hy4LkVQRl_cakNSgYc8
snuznc93gm33fbmatn6yi7rc,Numbness and Pain Clinic,Redmond,Washington,+1 425-558-1266,ChIJLctk1dpzkFQRkhXclGCUtBA
c03decxfz1p4izvb68119pst,Northwest Spine Clinic,Redmond,Washington,+1 425-298-4642,ChIJvdduzwltkFQRTN3DoSCW7Gs
b3dbxb0r4a1pap3352b6hru6,Acupuncture & Pain Management,Silverdale,Washington,,ChIJNWHNVZU6kFQRv0vJr473ZDk
j15tl1wb8raoix0u6698nl8e,pinnacle pain care,Spokane,Washington,,ChIJE-7Ih5kZnlQRnAtpK-Rjlfk
ctudujh64wgdk1lzsfm0opv1,Northwest Spine & Pain Medicine: Fernandez Patricia E MD,Spokane,Washington,+1 509-464-6208,ChIJ_SbwKQk-nlQR26lotaaRkOM
ugsz6616pfxs1vpkfm3f1lij,"Dr. Timothy D. Dibble, MD",Spokane Valley,Washington,+1 509-363-3100,ChIJp2GcfnUgnlQR3GUcUq_obL0
herxg69vkuz8yao7wxrt5tap,"Dr. Jaisimha K. Iyengar, MD",Tacoma,Washington,+1 253-627-2666,ChIJdTGJ_DlVkFQRazQTACA-gCA
ljdooo0m24riiz1iz14ggzni,Active Physical Medicine and Pain Center,Barboursville,West Virginia,+1 304-736-0825,ChIJEVdIy08HRogR8I1TLAJ7K6o
jrxacqnguw0oqu1mx5rnpg09,"Brian Yee, DO",Beckley,West Virginia,+1 304-254-3131,ChIJ74WL7RDzTogRyVF87K4HmKQ
vy3x9db0mzk1syjcei6ooxly,"Andrew Thymius, DO",Beckley,West Virginia,+1 304-254-3131,ChIJHfUU4XPxTogRMMTY68PQ0ic
kimc3bvmxyfc3io876pqlzjt,Layne Stuart Corinne M DO,Bridgeport,West Virginia,+1 304-622-2300,ChIJ2yre-dZlSogRDlYU8LeHNJo
j3jfe3cyw8snskme98ft8ueq,Yee Brian S Do,Charleston,West Virginia,+1 304-720-2272,ChIJ16JW1TLTSIgR4NImtvIP-lc
r4ezxs07xjug4j3tkt9ip30m,Pain Management Center,Elkins,West Virginia,+1 304-637-3533,ChIJVzATz7fjSogRVAfeBcuv5Qg
r30gzxzfccnd8jh88aaq0lap,"Dr. Nathan C. Berry, DO",Fairmont,West Virginia,+1 256-443-4743,ChIJ0Wjy7zh8SogRt1Eo57dFJUY
znxaekz6ua0pb5rbvfk4l8j8,"Dr. Ahmet H. Ozturk, MD",Huntington,West Virginia,+1 304-526-2243,ChIJdSE9MioIRogRo1TH3MApGrQ
c66n30c0vnfk8kyvyoz7mo3a,Pain Care PLLC,Huntington,West Virginia,+1 304-526-2243,ChIJ4Vl3QyoIRogRawMW_0eA8Bc
owq3cndcic56a5g8u2d4cdwm,Dr. Leslie Foster,Martinsburg,West Virginia,+1 304-264-8603,ChIJq6oazKgDyokR34uuHXCrm58
usd1309k7wmvusfwyzj635sy,Mr. Waheed Baksh,Martinsburg,West Virginia,+1 304-203-5129,ChIJd1FljFQCyokRvyWkSmCYbVE
umqu4g17j1u3jay9m3g73fpv,West Virginia Pain Treatment: Oh Michael MD,Morgantown,West Virginia,+1 304-598-4000,ChIJzxZyFQF7NYgRY4zECa86wAU
lttzlpsf50nlva6abwkvi8ta,West Virginia Pain Treatment,Morgantown,West Virginia,+1 304-599-5496,ChIJibV0FQF7NYgRceLi4Cnki7o
yh53xl9d237qazxvev18bne9,Northern West Virginia Pain,Morgantown,West Virginia,+1 304-598-1969,ChIJa_xeABx7NYgRIekh0QyKlhk
g5f3y8cd9cyrc3kbl8ls3gog,Tristate Pain Care PLLC,Morgantown,West Virginia,+1 304-397-5480,ChIJlx_ZO_Z7NYgR8nBlg0GKLYw
ahw5xg71d03n6ui3uxzywx3v,West Virginia Pain Treatment: Carson Larry MD,Morgantown,West Virginia,+1 304-598-4000,ChIJzxZyFQF7NYgRoOljfxRO9Yo
m8mi4yxzvcpnmqn3mhv3dzy0,Anesthesiology Pain Clinic,Morgantown,West Virginia,+1 304-598-4078,ChIJVVVVOXt7NYgR4D8TgdwxOqs
ea21n0xsn30hed6mb0ftsdq1,West Virginia Pain Treatment: Collins John MD,Morgantown,West Virginia,+1 304-598-4000,ChIJzxZyFQF7NYgR9_soPePvN_A
ruivoul4s2b1bf11g5wth17x,Pain Management Center,Parkersburg,West Virginia,+1 304-424-2793,ChIJXSecu4FLSIgR5axdyn0XNi0
y7mppcdrbafu2wulcu5z1dhv,Pain Management Center: Patel Anil MD,Parkersburg,West Virginia,+1 304-424-4111,ChIJgWitenFLSIgRkheBRjdmOu4
dfkvpku0sad9h8kgdb8p30p3,Center For Pain Physical Therapy,South Charleston,West Virginia,+1 304-720-6747,ChIJycumiloyT4gRqdSLcvo_NIg
rifz62ox8zklusnuwf5jzhjl,"Dr. Michael E. Shramowiat, MD",Vienna,West Virginia,+1 304-295-3131,ChIJmTMo9rpKSIgR7S_eCX0dgSw
z4aw2lihf3yfr1bzdtcnm1st,Stephanie Le,Weirton,West Virginia,+1 304-919-2077,ChIJX_3SbLIwNIgRFuY0n-rzm7w
el2ocl8egodmzrg1v3qqqdf7,Tune Adam D MD,Wheeling,West Virginia,+1 304-243-3965,ChIJ17EvlFPaNYgRSKPTf49UGhY
fosembm3sv91ywdb0v2l9vk8,Rivers Edge Pain Relief Wheeling West Virginia,Wheeling,West Virginia,+1 304-242-4004,ChIJGWVqX4XeNYgRejFgNNsF73E
cjdize9m1vd2o5qu6m7motra,"Joints, Nerves & Spine",Appleton,Wisconsin,+1 920-939-6015,ChIJ1aQec563A4gRK10F7Wyo9qo
fmw4s3s4sgzp18nkvaotbutj,Comprehensive Pain Management,Appleton,Wisconsin,+1 920-733-7230,ChIJNUNpDimxA4gRKjOz-gOcSx8
nyxv3lyemezn6n29f1iyo85o,"Dr. Stephen M. Endres, MD",Eau Claire,Wisconsin,+1 715-552-5346,ChIJxef30kW9-IcRsvo-8OofLAs
cx7bd7ncymd4ulu2cbkvypub,Pain Management Cons Green Bay,Green Bay,Wisconsin,+1 920-433-7995,ChIJ0dxLHy3lAogRcovKZgkIvAs
ydh8m0518x332cf7eh8azwye,HFM Pain Clinic: Klatt Margarett MD,Manitowoc,Wisconsin,+1 920-320-3185,ChIJhe89Tr43A4gRlwlCN2chBxI
okhowyoq8gendpj2jqdn97oz,"Dr. Adegboyega H. Lawal, MD",Milwaukee,Wisconsin,+1 414-325-8720,ChIJDV6jXScRBYgRLh0FbeF2T6c
k9z90xm1ylkrfw8mrzo27l4s,"Jeffrey Gorelick, MD",Milwaukee,Wisconsin,+1 414-771-2707,ChIJOeOyJkwbBYgRDWC3VPjSbVs
rprzl4kjzpj7zg53wbgp5lot,Pain Rehabilitation Associates,Milwaukee,Wisconsin,+1 414-771-2707,ChIJOeOyJkwbBYgRBtXHXQjUpnU
jyj1nzn5p33luujl3atpzxm2,Comprehensive Pain and Spine Clinic,Milwaukee,Wisconsin,+1 414-509-8826,ChIJeVJzjbYQBYgRoRwpYtIlZuA
utzn6yzdobqyi1vfgkoc75iw,Center For Pain Management,Milwaukee,Wisconsin,+1 414-527-5264,ChIJ60kZ6C0cBYgRtu4wdSY3tcU
bteemknf1gw87sf2icmzu6e2,"Mansoor Aman, M.D. : Oshkosh",Oshkosh,Wisconsin,+1 920-456-5711,ChIJAfgF9qPpA4gRsVktY5a-Akc
oy1j1xgdyhel4j4udo8yiwqe,"Padmaja B. Doniparthi, MD",Waukesha,Wisconsin,+1 262-928-1000,ChIJk1u_DKyoBYgRZlvphrzRHl4
fv125agcsyp0j864z3e8pyhn,"Dr. Nancy C. Bratanow, MD",Wauwatosa,Wisconsin,+1 414-771-7400,ChIJL6JaWowEBYgR5Ig_mr_1h1Y
lfkzat9w4lckqhfa4z9c0cfi,Midwest Comprehensive Pain Cr,Wauwatosa,Wisconsin,+1 414-771-7400,ChIJL6JaWowEBYgRZJRi_V3TtJ0
ks8fzm01f9lvm6oovhhi7s98,Chynoweth Matthew D DO,Casper,Wyoming,+1 307-577-7201,ChIJqZlYDYO8YIcRMxbpBm8yyTc
wmj8v54c6idy8190xknqywl1,"Harlan R. Ribnik, MD",Cheyenne,Wyoming,+1 307-633-8100,ChIJRzT6pKk7b4cRzp947DIUh9E
tekuj3syde2yrgthlijwszwy,"Dr. Bradley L. Low, DO",Cody,Wyoming,+1 307-213-9713,ChIJ19RUWtgeTFMRRirPUeidByk
ivhxdre91ritblax33zbpkb0,Wyoming Interventional Pain,Gillette,Wyoming,+1 307-687-7246,ChIJ4cE32KqVNFMRIZnIptQzg5c
f8oesysjwya1e80sjszp9i76,Associated Back Pain Centers,Green River,Wyoming,+1 307-875-4980,ChIJ-SMAJAl-WocRfzGUyFbcPVc
ctzz16u0a2n4l7azjy64wh55,Comprehensive Pain Management Services,Lyman,Wyoming,+1 307-786-2056,ChIJi7jAjWKrUYcRN71D6FMkD_I
b2e3iiq9hxc9j4rk4kkastpy,"Tatum-Mere Health And Community Serv, Inc",Rock Springs,Wyoming,+1 307-382-9420,ChIJ_YeX1PxgWocRPvw3gnoD3k0
